Date,Season,Week,team_code,Opponent,HomeOrAway,Score,OpponentScore,Stadium,PlayingSurface,TimeOfPossession,FirstDowns,OffensivePlays,OffensiveYards,Touchdowns,RushingAttempts,RushingYards,RushingTouchdowns,PassingAttempts,PassingCompletions,PassingYards,PassingTouchdowns,PassingInterceptions,CompletionPercentage,Fumbles,FumblesLost,TimesSacked,TimesSackedYards,Punts,PuntYards,Giveaways,Takeaways,TurnoverDifferential,OpponentTimeOfPossession,OpponentFirstDowns,OpponentOffensivePlays,OpponentOffensiveYards,OpponentRushingAttempts,OpponentRushingYards,OpponentCompletionPercentage,OpponentPenalties,OpponentPenaltyYards,OpponentFumbles,OpponentFumblesLost,OpponentTimesSacked,FieldGoalAttempts,FieldGoalsMade,PuntReturns,PuntReturnYards,KickReturns,KickReturnYards,OpponentPuntReturns,OpponentPuntReturnYards,OpponentKickReturns,OpponentKickReturnYards,Sacks,SackYards,TeamName,DayOfWeek,Day,DateTime,
2018-09-06 20:20:00,2018,1,ATL,PHI,AWAY,12,18,Lincoln Financial Field,Grass,27:50,11,43,200,0,12,50,0,29,14,151,0,0,32.6,0,0,2,17,3,191,0,1,0,32:10,12,43,155,18,76,38.2,5,68,0,0,1,1,1,1,5,0,0,2,19,1,29,1,6,Falcons,Thursday,2018-09-06,2018-09-06 20:20:00
2018-09-09 13:00:00,2018,1,BUF,BAL,AWAY,3,47,M&T Bank Stadium,Artificial,24:46,4,41,102,0,15,56,0,22,5,47,0,1,22.3,0,0,3,19,4,266,1,0,-1,35:14,17,50,247,23,78,45.8,4,52,0,0,1,1,0,1,13,2,110,3,36,0,16,1,4,Bills,Sunday,2018-09-09,2018-09-09 13:00:00
2018-09-09 20:20:00,2018,1,CHI,GB,AWAY,23,24,Lambeau Field,Grass,33:22,12,44,197,1,18,93,0,23,15,104,0,0,44,0,0,2,11,2,134,0,1,0,26:38,11,39,248,12,46,43.4,4,48,0,0,2,1,1,1,30,0,12,0,11,1,45,2,27,Bears,Sunday,2018-09-09,2018-09-09 20:20:00
2018-09-09 13:00:00,2018,1,CIN,IND,AWAY,34,23,Lucas Oil Stadium,Artificial,27:12,13,33,221,2,13,68,0,19,14,153,1,0,50.2,0,0,1,6,1,64,1,1,0,32:48,16,52,254,15,50,49.2,3,61,0,0,1,1,1,0,-1,1,28,0,0,1,36,1,6,Bengals,Sunday,2018-09-09,2018-09-09 13:00:00
2018-09-09 16:25:00,2018,1,DAL,CAR,AWAY,8,16,Bank of America Stadium,Grass,29:24,11,38,155,0,15,63,0,19,13,92,0,0,43.8,0,0,3,21,3,196,0,0,0,30:36,13,41,196,21,98,43.8,4,54,0,0,1,0,0,1,6,0,0,2,41,0,0,1,10,Cowboys,Sunday,2018-09-09,2018-09-09 16:25:00
2018-09-09 13:00:00,2018,1,HOU,NE,AWAY,20,27,Gillette Stadium,Grass,28:50,14,47,217,1,23,112,0,23,11,106,0,0,33.4,0,0,1,12,3,154,1,1,0,31:10,15,48,260,21,82,44.6,3,24,1,1,1,1,1,1,13,2,104,0,0,0,13,1,4,Texans,Sunday,2018-09-09,2018-09-09 13:00:00
2018-09-09 13:00:00,2018,1,JAX,NYG,AWAY,20,15,MetLife Stadium,Artificial,29:31,11,41,204,1,19,92,0,22,12,112,0,0,36.5,0,0,0,4,3,177,0,1,0,30:29,10,41,217,15,76,41.6,3,29,0,0,1,1,1,1,4,1,30,1,2,0,10,1,6,Jaguars,Sunday,2018-09-09,2018-09-09 13:00:00
2018-09-09 16:05:00,2018,1,KC,LAC,AWAY,38,28,StubHub Center,Grass,25:34,13,37,242,2,18,71,0,18,10,171,2,0,37.2,0,0,0,0,2,171,0,1,1,34:26,22,50,362,15,82,44.6,3,30,0,0,0,0,0,1,64,1,22,1,-3,1,24,0,3,Chiefs,Sunday,2018-09-09,2018-09-09 16:05:00
2018-09-10 22:20:00,2018,1,LAR,OAK,AWAY,33,13,Oakland Coliseum,Grass,28:29,15,40,244,1,17,94,0,22,12,151,1,0,36.5,0,0,0,4,1,78,0,1,1,31:31,13,43,264,15,64,48.5,5,104,0,0,0,2,2,1,5,1,50,0,4,0,0,0,4,Rams,Monday,2018-09-10,2018-09-10 22:20:00
2018-09-10 19:10:00,2018,1,NYJ,DET,AWAY,48,17,Ford Field,Artificial,33:7,12,39,233,3,24,113,1,14,11,120,1,0,51,0,0,1,12,1,75,1,2,1,26:53,13,45,227,10,26,37.3,1,10,0,0,0,1,1,1,92,1,30,0,0,0,0,0,0,Jets,Monday,2018-09-10,2018-09-10 19:10:00
2018-09-09 13:00:00,2018,1,PIT,CLE,AWAY,21,21,FirstEnergy Stadium,Artificial,35:12,17,54,316,1,23,106,1,27,15,209,0,1,37.5,1,1,2,15,3,184,3,0,-3,34:48,15,57,219,25,118,25.1,5,58,0,0,3,0,0,2,37,1,46,0,10,1,31,3,31,Steelers,Sunday,2018-09-09,2018-09-09 13:00:00
2018-09-09 16:25:00,2018,1,SEA,DEN,AWAY,24,27,Broncos Stadium at Mile High,Grass,24:52,6,37,205,1,11,43,0,22,13,162,1,1,38.5,0,0,3,37,3,237,1,1,0,35:8,17,48,314,21,98,42.9,3,40,0,0,0,1,0,1,5,1,26,1,4,0,0,0,2,Seahawks,Sunday,2018-09-09,2018-09-09 16:25:00
2018-09-09 13:00:00,2018,1,SF,MIN,AWAY,16,24,U.S. Bank Stadium,Artificial,28:51,13,41,219,0,17,60,0,22,10,159,0,1,30.4,0,0,1,16,2,116,2,0,-2,31:9,13,47,229,21,78,37.2,3,35,0,0,1,1,1,1,6,0,0,1,3,0,0,1,11,49ers,Sunday,2018-09-09,2018-09-09 13:00:00
2018-09-09 13:00:00,2018,1,TB,NO,AWAY,48,40,Mercedes-Benz Superdome,Grass,32:9,17,41,354,3,23,75,0,19,14,279,2,0,50.2,0,0,0,0,0,28,0,1,1,27:51,17,39,318,6,29,55,4,52,1,1,0,1,1,1,13,1,22,0,0,1,46,0,3,Buccaneers,Sunday,2018-09-09,2018-09-09 13:00:00
2018-09-09 13:00:00,2018,1,TEN,MIA,AWAY,20,27,Hard Rock Stadium,Grass,29:35,13,45,225,1,19,78,0,25,13,147,0,1,35.2,0,0,0,0,2,120,1,1,-1,30:25,12,39,229,19,80,47.8,3,34,0,0,0,1,1,1,29,1,81,1,0,1,84,0,4,Titans,Sunday,2018-09-09,2018-09-09 13:00:00
2018-09-09 16:25:00,2018,1,WAS,ARI,AWAY,24,6,U of Phoenix Stadium,Artificial,38:8,20,50,287,1,28,122,0,20,14,165,1,0,46.8,0,0,1,4,2,124,0,1,0,21:52,6,34,142,10,45,39.3,4,45,0,0,1,0,0,1,5,1,16,1,29,0,0,1,4,Redskins,Sunday,2018-09-09,2018-09-09 16:25:00
2018-09-16 16:05:00,2018,2,ARI,LAR,AWAY,0,34,Los Angeles Memorial Coliseum,Grass,25:52,12,65,208,0,23,82,0,41,26,126,0,2,95.8,0,0,2,11,12,613,2,2,0,34:8,36,102,657,50,137,114,12,74,0,0,5,0,0,0,0,7,74,14,202,2,33,5,18,Cardinals,Sunday,2018-09-16,2018-09-16 16:05:00
2018-09-13 20:20:00,2018,2,BAL,CIN,AWAY,23,34,Paul Brown Stadium,Artificial,28:10,43,123,646,7,33,100,2,84,49,546,5,5,88.5,2,2,9,26,7,257,7,0,-5,31:50,36,106,567,43,164,86.8,14,140,0,0,0,2,2,2,-3,2,49,5,36,7,85,0,0,Ravens,Thursday,2018-09-13,2018-09-13 20:20:00
2018-09-16 13:00:00,2018,2,CAR,ATL,AWAY,24,31,Mercedes-Benz Stadium,Artificial,30:18,41,99,667,7,27,184,0,68,49,483,7,2,108.1,0,0,5,26,9,290,2,2,0,29:42,35,91,672,49,258,124.8,5,40,0,0,0,2,2,5,14,2,40,2,7,5,76,0,0,Panthers,Sunday,2018-09-16,2018-09-16 13:00:00
2018-09-16 13:00:00,2018,2,CLE,NO,AWAY,18,21,Mercedes-Benz Superdome,Grass,27:19,24,91,497,5,41,141,2,46,33,356,2,2,111.4,0,0,7,18,7,179,2,5,2,32:41,27,93,418,35,94,121.6,9,81,5,5,7,9,5,2,0,7,125,2,0,2,71,7,46,Browns,Sunday,2018-09-16,2018-09-16 13:00:00
2018-09-16 16:05:00,2018,2,DET,SF,AWAY,27,30,Levi's Stadium,Grass,30:26,38,111,649,7,27,149,0,81,52,500,7,0,97.6,2,2,5,27,12,321,2,0,-2,29:34,35,91,526,43,289,105.2,14,131,0,0,14,5,5,9,17,12,219,5,21,12,264,14,76,Lions,Sunday,2018-09-16,2018-09-16 16:05:00
2018-09-16 13:00:00,2018,2,HOU,TEN,AWAY,17,20,Nissan Stadium,Grass,29:38,32,94,664,5,40,225,0,49,33,439,5,2,104.6,0,0,9,32,9,249,2,0,-2,30:22,23,87,430,52,152,103.7,12,106,0,0,2,5,2,9,38,0,0,2,5,0,0,2,12,Texans,Sunday,2018-09-16,2018-09-16 13:00:00
2018-09-16 13:00:00,2018,2,IND,WAS,AWAY,21,9,FedEx Field,Grass,26:40,26,91,427,7,43,158,2,47,32,269,5,5,102.9,0,0,2,5,12,357,5,2,-2,33:20,30,108,508,33,99,109,11,137,2,2,7,0,0,0,0,2,29,2,14,2,24,7,35,Colts,Sunday,2018-09-16,2018-09-16 13:00:00
2018-09-16 13:00:00,2018,2,KC,PIT,AWAY,42,37,Heinz Field,Grass,27:49,36,82,682,14,38,193,0,43,35,489,14,0,124.8,2,2,2,9,5,152,2,0,-2,32:11,50,112,722,20,50,98.8,18,137,0,0,2,0,0,5,73,0,0,2,14,9,102,2,15,Chiefs,Sunday,2018-09-16,2018-09-16 13:00:00
2018-09-16 13:00:00,2018,2,LAC,BUF,AWAY,31,20,New Era Field,Artificial,33:2,32,84,530,9,40,166,2,41,35,365,7,0,129.5,0,0,5,24,12,354,0,5,5,26:58,26,91,445,33,128,82.8,14,47,0,0,12,2,2,7,26,2,38,2,14,5,73,12,64,Chargers,Sunday,2018-09-16,2018-09-16 13:00:00
2018-09-16 13:00:00,2018,2,MIA,NYJ,AWAY,20,12,MetLife Stadium,Artificial,28:25,27,88,391,7,47,205,2,35,26,185,5,0,112.3,5,5,9,70,14,448,5,7,2,31:35,32,96,550,29,64,92.7,11,76,2,2,7,0,0,7,73,2,52,2,9,0,0,7,21,Dolphins,Sunday,2018-09-16,2018-09-16 13:00:00
2018-09-16 13:00:00,2018,2,MIN,GB,AWAY,29,29,Lambeau Field,Grass,31:52,36,103,730,9,27,103,0,73,53,626,9,2,110.8,0,0,5,20,9,310,2,0,-2,38:8,36,106,534,36,149,108.5,11,82,0,0,9,7,0,2,20,5,112,5,0,2,12,9,43,Vikings,Sunday,2018-09-16,2018-09-16 13:00:00
2018-09-16 16:25:00,2018,2,NE,JAX,AWAY,20,31,TIAA Bank Field,Artificial,29:14,27,93,459,5,36,125,0,53,36,334,5,0,104.3,2,2,5,21,9,337,2,5,2,30:46,41,105,730,36,158,97.9,11,108,2,2,0,7,5,0,0,5,71,5,32,7,55,0,0,Patriots,Sunday,2018-09-16,2018-09-16 16:25:00
2018-09-16 20:20:00,2018,2,NYG,DAL,AWAY,13,20,AT&T Stadium,Artificial,32:12,26,102,388,2,26,53,0,67,50,334,2,0,114,2,2,14,90,14,395,2,0,-2,27:48,24,76,453,38,210,97.3,14,71,0,0,0,5,5,7,21,5,85,2,0,0,0,0,0,Giants,Sunday,2018-09-16,2018-09-16 20:20:00
2018-09-16 16:25:00,2018,2,OAK,DEN,AWAY,19,20,Broncos Stadium at Mile High,Grass,32:56,32,91,567,5,41,140,2,49,44,427,2,0,137.7,0,0,2,11,9,287,0,2,2,27:4,30,97,585,43,255,82.5,14,53,0,0,2,5,5,2,11,0,0,2,2,0,0,2,12,Raiders,Sunday,2018-09-16,2018-09-16 16:25:00
2018-09-16 13:00:00,2018,2,PHI,TB,AWAY,21,27,Raymond James Stadium,Grass,35:39,36,114,626,7,36,138,5,73,53,488,2,0,110.8,5,5,7,20,12,426,5,5,0,24:21,27,88,663,35,65,124.3,9,67,2,2,5,2,0,7,20,0,0,9,44,2,20,5,14,Eagles,Sunday,2018-09-16,2018-09-16 13:00:00
2018-09-17 20:15:00,2018,2,SEA,CHI,AWAY,17,24,Soldier Field,Grass,25:36,26,97,420,5,33,112,0,55,33,307,5,2,92.9,2,2,14,36,11,480,5,5,0,34:24,30,96,412,41,131,111.7,11,84,0,0,5,2,2,2,21,0,0,9,88,2,21,5,23,Seahawks,Monday,2018-09-17,2018-09-17 20:15:00
2018-09-23 13:00:00,2018,3,BUF,MIN,AWAY,27,6,U.S. Bank Stadium,Artificial,35:45,12,46,215,2,28,94,1,16,11,121,1,0,50.3,0,0,2,24,3,191,0,2,2,24:15,15,48,215,3,10,53.6,3,43,1,1,2,1,1,1,7,0,0,1,0,2,60,2,13,Bills,Sunday,2018-09-23,2018-09-23 13:00:00
2018-09-23 16:25:00,2018,3,CHI,ARI,AWAY,16,14,U of Phoenix Stadium,Artificial,36:21,15,51,233,1,23,90,1,26,18,143,0,1,50.6,1,1,2,19,2,116,1,2,1,23:39,7,35,163,13,39,48.2,3,32,1,1,2,2,2,1,18,0,0,1,4,0,0,2,18,Bears,Sunday,2018-09-23,2018-09-23 16:25:00
2018-09-23 13:00:00,2018,3,CIN,CAR,AWAY,21,31,Bank of America Stadium,Grass,26:5,18,45,292,2,7,49,1,34,21,243,1,2,46.4,0,0,1,16,2,97,2,0,-3,33:55,17,49,278,30,170,46.1,2,13,0,0,1,1,0,1,5,0,0,1,2,0,0,1,2,Bengals,Sunday,2018-09-23,2018-09-23 13:00:00
2018-09-23 16:25:00,2018,3,DAL,SEA,AWAY,13,24,CenturyLink Field,Artificial,27:16,13,43,223,1,14,122,0,25,14,101,1,1,41.2,1,1,3,23,3,177,2,0,-2,32:44,13,49,217,29,83,45.3,5,49,0,0,1,1,1,2,15,2,60,2,18,2,49,1,5,Cowboys,Sunday,2018-09-23,2018-09-23 16:25:00
2018-09-23 13:00:00,2018,3,DEN,BAL,AWAY,14,27,M&T Bank Stadium,Artificial,29:46,13,45,216,1,18,88,1,25,16,128,0,1,47.7,0,0,2,14,4,212,1,0,-1,30:14,15,52,252,21,57,46.1,4,38,0,0,1,0,0,2,23,1,30,2,7,2,57,1,7,Broncos,Sunday,2018-09-23,2018-09-23 13:00:00
2018-09-23 13:00:00,2018,3,GB,WAS,AWAY,17,31,FedEx Field,Grass,30:55,14,49,251,1,13,74,0,33,20,177,1,0,44.2,1,1,2,18,3,171,1,1,0,29:5,15,41,284,26,122,44.2,3,49,0,0,0,1,1,2,21,1,18,1,5,1,24,0,0,Packers,Sunday,2018-09-23,2018-09-23 13:00:00
2018-09-23 13:00:00,2018,3,IND,PHI,AWAY,16,20,Lincoln Financial Field,Grass,19:48,10,41,154,1,7,50,0,30,18,104,1,0,45,0,0,1,17,3,164,0,1,1,40:12,19,57,279,26,112,49.8,5,81,1,1,3,2,2,1,1,1,26,2,2,1,24,3,21,Colts,Sunday,2018-09-23,2018-09-23 13:00:00
2018-09-23 16:05:00,2018,3,LAC,LAR,AWAY,23,35,Los Angeles Memorial Coliseum,Grass,25:44,12,38,262,2,15,104,1,22,13,158,1,0,44.2,1,1,1,6,1,75,1,1,0,34:16,24,53,384,26,126,59.4,3,47,1,1,1,1,1,1,6,1,24,1,4,2,55,1,2,Chargers,Sunday,2018-09-23,2018-09-23 16:05:00
2018-09-23 20:20:00,2018,3,NE,DET,AWAY,10,26,Ford Field,Artificial,20:45,7,35,154,1,14,66,0,19,10,88,1,1,39.7,0,0,1,7,3,160,1,1,0,39:15,18,52,305,24,117,55.3,3,52,0,0,1,1,1,0,0,3,97,2,21,0,0,1,4,Patriots,Sunday,2018-09-23,2018-09-23 20:20:00
2018-09-23 13:00:00,2018,3,NO,ATL,AWAY,43,37,Mercedes-Benz Stadium,Artificial,37:45,24,57,394,3,20,105,1,36,29,288,2,0,58.7,0,0,1,3,2,149,0,0,0,29:20,18,44,300,16,35,54.8,3,40,0,0,2,2,2,2,12,2,47,1,7,2,55,2,11,Saints,Sunday,2018-09-23,2018-09-23 13:00:00
2018-09-23 13:00:00,2018,3,NYG,HOU,AWAY,27,22,NRG Stadium,Artificial,35:30,15,44,279,2,20,84,1,21,18,195,1,0,63.5,0,0,2,24,2,146,0,1,1,24:30,15,46,315,14,43,44.2,4,37,1,1,2,1,1,1,3,2,33,2,33,1,30,2,13,Giants,Sunday,2018-09-23,2018-09-23 13:00:00
2018-09-20 20:20:00,2018,3,NYJ,CLE,AWAY,17,21,FirstEnergy Stadium,Artificial,29:8,10,46,198,1,22,79,1,23,11,119,0,1,35.7,1,1,1,4,4,254,2,0,-2,30:52,15,55,238,24,98,41.9,3,30,0,0,2,1,1,1,7,1,16,3,15,1,14,2,22,Jets,Thursday,2018-09-20,2018-09-20 20:20:00
2018-09-23 13:00:00,2018,3,OAK,MIA,AWAY,20,28,Hard Rock Stadium,Grass,38:31,18,55,320,1,24,80,1,29,20,240,1,1,51,0,0,2,15,2,83,1,0,-1,21:29,7,29,275,10,30,55.3,5,55,0,0,1,1,1,2,6,1,29,0,0,2,77,1,5,Raiders,Sunday,2018-09-23,2018-09-23 13:00:00
2018-09-24 20:15:00,2018,3,PIT,TB,AWAY,30,27,Raymond James Stadium,Grass,30:21,16,46,304,2,16,57,0,28,22,247,2,1,58.1,0,0,2,13,3,168,1,2,2,29:39,21,51,335,12,46,44.2,5,59,1,1,2,1,1,1,12,1,15,1,0,3,50,2,14,Steelers,Monday,2018-09-24,2018-09-24 20:15:00
2018-09-23 13:00:00,2018,3,SF,KC,AWAY,27,38,Arrowhead Stadium,Grass,29:59,19,46,299,2,21,131,1,22,15,168,1,0,49.2,0,0,2,17,2,109,0,0,0,30:1,23,50,283,21,57,46.6,3,35,0,0,1,1,1,1,1,1,17,1,3,1,18,1,4,49ers,Sunday,2018-09-23,2018-09-23 13:00:00
2018-09-23 13:00:00,2018,3,TEN,JAX,AWAY,9,6,TIAA Bank Field,Artificial,32:47,11,43,172,0,26,111,0,15,7,61,0,0,45.6,0,0,2,18,3,206,0,1,1,27:13,7,41,171,14,64,45.5,4,55,1,1,2,2,2,2,19,0,0,1,6,1,18,2,5,Titans,Sunday,2018-09-23,2018-09-23 13:00:00
2018-09-30 20:20:00,2018,4,BAL,PIT,AWAY,26,14,Heinz Field,Grass,35:3,32,98,594,3,40,127,0,55,37,468,3,0,87.9,2,2,3,11,7,231,2,3,2,24:57,18,78,374,14,25,75.7,9,53,2,2,2,7,7,2,7,5,75,2,5,7,105,2,12,Ravens,Sunday,2018-09-30,2018-09-30 20:20:00
2018-09-30 13:00:00,2018,4,BUF,GB,AWAY,0,22,Lambeau Field,Grass,25:23,14,74,191,0,21,76,0,43,21,115,0,3,63.9,2,2,12,84,11,459,5,3,-1,34:37,29,98,558,42,186,72.5,9,79,2,2,3,0,0,2,-1,3,49,9,26,0,0,3,22,Bills,Sunday,2018-09-30,2018-09-30 13:00:00
2018-09-30 13:00:00,2018,4,CIN,ATL,AWAY,37,36,Mercedes-Benz Stadium,Artificial,30:38,40,88,536,9,30,130,3,54,38,406,5,2,93.2,0,0,5,38,2,41,2,0,-1,29:22,33,87,652,32,121,98.1,13,125,0,0,5,2,2,2,17,3,108,0,0,7,125,5,21,Bengals,Sunday,2018-09-30,2018-09-30 13:00:00
2018-09-30 16:05:00,2018,4,CLE,OAK,AWAY,42,45,Oakland Coliseum,Grass,31:23,28,98,642,9,41,274,5,54,28,368,3,3,67.5,3,3,3,21,12,461,7,3,-3,36:51,36,119,745,38,183,79.5,10,86,0,0,5,3,3,3,13,9,116,9,129,0,0,5,14,Browns,Sunday,2018-09-30,2018-09-30 16:05:00
2018-09-30 13:00:00,2018,4,DET,DAL,AWAY,24,26,AT&T Stadium,Artificial,29:55,24,70,503,5,26,127,2,40,32,377,3,0,105.4,0,0,5,28,7,225,0,0,0,30:5,34,86,546,46,241,83,3,26,0,0,5,2,2,0,0,2,30,0,0,2,22,5,32,Lions,Sunday,2018-09-30,2018-09-30 13:00:00
2018-09-30 13:00:00,2018,4,HOU,IND,AWAY,37,34,Lucas Oil Stadium,Artificial,40:4,40,111,614,7,46,157,2,55,38,457,3,2,90.9,0,0,12,37,9,273,2,3,2,29:56,37,109,630,22,54,85,13,112,3,3,7,7,5,3,26,7,91,2,25,3,42,7,36,Texans,Sunday,2018-09-30,2018-09-30 13:00:00
2018-10-01 20:15:00,2018,4,KC,DEN,AWAY,27,23,Broncos Stadium at Mile High,Grass,35:2,29,95,588,5,34,187,3,59,37,401,2,0,82,0,0,2,0,7,221,0,2,2,24:58,28,78,507,29,210,83.8,5,33,0,0,7,3,3,2,49,0,0,2,3,3,53,7,25,Chiefs,Monday,2018-10-01,2018-10-01 20:15:00
2018-09-30 13:00:00,2018,4,MIA,NE,AWAY,7,38,Gillette Stadium,Grass,23:38,14,59,227,2,24,74,0,33,20,153,2,2,79.1,2,2,3,25,12,386,3,3,0,36:22,34,99,592,53,231,86.6,10,75,0,0,0,0,0,3,30,3,54,9,59,0,0,0,0,Dolphins,Sunday,2018-09-30,2018-09-30 13:00:00
2018-09-27 20:20:00,2018,4,MIN,LAR,AWAY,31,38,Los Angeles Memorial Coliseum,Grass,32:14,33,94,588,5,22,71,0,66,47,517,5,0,94.9,2,2,7,40,7,210,2,0,-1,27:46,33,72,733,26,132,100.8,3,20,0,0,2,5,5,0,0,0,0,2,7,5,70,2,12,Vikings,Thursday,2018-09-27,2018-09-27 20:20:00
2018-09-30 16:25:00,2018,4,NO,NYG,AWAY,33,18,MetLife Stadium,Artificial,31:0,33,88,513,5,42,224,5,45,25,289,0,0,73.7,0,0,2,11,3,125,0,3,3,29:0,29,78,394,20,86,99.6,10,88,3,3,5,7,7,5,20,3,22,0,0,5,79,5,28,Saints,Sunday,2018-09-30,2018-09-30 16:25:00
2018-09-30 13:00:00,2018,4,NYJ,JAX,AWAY,12,31,TIAA Bank Field,Artificial,22:25,13,67,235,2,18,45,0,45,22,190,2,0,65.9,0,0,5,30,12,455,0,5,5,37:35,30,98,663,45,166,100.6,12,117,3,3,3,3,3,2,12,5,53,7,14,3,28,3,14,Jets,Sunday,2018-09-30,2018-09-30 13:00:00
2018-09-30 13:00:00,2018,4,PHI,TEN,AWAY,23,26,Nissan Stadium,Grass,34:25,33,100,569,3,29,154,0,66,43,415,3,0,87,2,2,7,43,10,406,2,2,0,35:30,29,90,523,29,92,92,7,40,0,0,5,5,5,3,55,0,0,3,11,0,0,5,22,Eagles,Sunday,2018-09-30,2018-09-30 13:00:00
2018-09-30 16:05:00,2018,4,SEA,ARI,AWAY,20,17,U of Phoenix Stadium,Artificial,31:46,25,82,436,3,45,225,3,34,25,211,0,0,96.3,0,0,3,16,7,250,0,2,2,28:14,24,74,347,37,121,73.3,9,50,2,2,2,7,3,7,51,5,86,2,0,3,72,2,12,Seahawks,Sunday,2018-09-30,2018-09-30 16:05:00
2018-09-30 16:25:00,2018,4,SF,LAC,AWAY,27,29,StubHub Center,Grass,27:34,29,78,480,5,28,100,0,49,30,380,3,3,82,0,0,2,13,9,310,3,2,-1,32:26,28,88,485,36,166,84.5,9,65,0,0,2,3,3,3,9,7,120,7,108,0,0,2,11,49ers,Sunday,2018-09-30,2018-09-30 16:25:00
2018-09-30 13:00:00,2018,4,TB,CHI,AWAY,10,48,Soldier Field,Grass,31:54,21,79,410,2,24,79,0,50,33,331,2,5,86.7,0,0,7,26,9,282,5,0,-4,28:6,37,76,637,41,183,96.3,7,50,0,0,2,2,2,2,3,2,28,5,18,2,37,2,13,Buccaneers,Sunday,2018-09-30,2018-09-30 13:00:00
2018-10-07 16:25:00,2018,5,ARI,SF,AWAY,28,18,Levi's Stadium,Grass,19:48,3,26,118,1,12,30,1,13,3,88,0,0,21.4,0,0,0,2,2,170,0,1,1,40:12,18,49,239,18,79,33.7,3,35,1,1,1,0,0,0,0,0,0,1,1,1,33,1,26,Cardinals,Sunday,2018-10-07,2018-10-07 16:25:00
2018-10-07 13:00:00,2018,5,ATL,PIT,AWAY,17,41,Heinz Field,Grass,30:52,12,37,173,1,10,33,0,24,17,140,0,0,36.9,0,0,2,23,1,63,0,0,0,29:8,12,31,204,16,70,35,2,31,0,0,0,0,0,1,1,1,24,0,0,0,12,0,0,Falcons,Sunday,2018-10-07,2018-10-07 13:00:00
2018-10-07 13:00:00,2018,5,BAL,CLE,AWAY,9,12,FirstEnergy Stadium,Artificial,33:42,13,45,219,0,13,62,0,30,16,157,0,0,27.2,0,0,1,1,2,196,1,0,-1,36:16,11,41,223,15,60,31.1,3,35,0,0,1,1,1,1,32,0,0,1,12,0,0,1,20,Ravens,Sunday,2018-10-07,2018-10-07 13:00:00
2018-10-07 20:20:00,2018,5,DAL,HOU,AWAY,16,19,NRG Stadium,Artificial,31:32,4,32,156,0,16,52,0,16,5,104,0,1,33.2,0,0,1,4,1,118,1,1,0,36:38,13,41,247,17,47,40.1,1,13,0,0,0,1,1,1,12,0,0,1,16,0,0,0,0,Cowboys,Sunday,2018-10-07,2018-10-07 20:20:00
2018-10-07 13:00:00,2018,5,DEN,NYJ,AWAY,16,34,MetLife Stadium,Artificial,31:6,14,39,233,1,5,49,0,27,19,184,1,0,36.7,0,0,1,18,2,176,0,1,0,28:54,5,33,274,20,173,24.3,1,18,0,0,0,0,0,0,0,0,14,1,38,1,16,0,3,Broncos,Sunday,2018-10-07,2018-10-07 13:00:00
2018-10-07 13:00:00,2018,5,GB,DET,AWAY,23,31,Ford Field,Artificial,33:20,16,41,279,1,11,52,0,28,17,226,1,0,32.9,1,1,1,10,0,0,1,0,-2,26:40,5,30,141,15,50,28.8,2,38,0,0,1,1,0,1,1,1,16,0,0,0,16,1,4,Packers,Sunday,2018-10-07,2018-10-07 13:00:00
2018-10-04 20:20:00,2018,5,IND,NE,AWAY,24,38,Gillette Stadium,Grass,32:26,14,43,235,1,11,45,0,32,20,190,1,1,34.5,0,0,0,3,1,76,1,1,-1,27:34,14,36,234,12,52,41.4,2,27,0,0,0,1,0,1,20,0,4,1,11,0,14,0,0,Colts,Thursday,2018-10-04,2018-10-04 20:20:00
2018-10-07 13:00:00,2018,5,JAX,KC,AWAY,14,30,Arrowhead Stadium,Grass,27:17,16,44,269,1,5,54,0,33,18,215,0,1,28.9,0,0,1,16,1,58,1,1,-2,32:43,14,37,227,16,67,31,3,56,0,0,0,0,0,0,2,1,16,0,1,0,3,0,4,Jaguars,Sunday,2018-10-07,2018-10-07 13:00:00
2018-10-07 16:25:00,2018,5,LAR,SEA,AWAY,33,31,CenturyLink Field,Artificial,29:30,16,34,250,1,16,83,1,17,12,167,0,1,38.5,0,0,0,2,0,20,1,0,-1,30:30,11,29,200,17,102,33.1,2,27,0,0,1,1,1,0,3,2,68,0,-2,1,51,1,4,Rams,Sunday,2018-10-07,2018-10-07 16:25:00
2018-10-07 13:00:00,2018,5,MIA,CIN,AWAY,17,27,Paul Brown Stadium,Artificial,29:25,5,32,159,1,12,68,0,19,11,90,0,1,30.5,0,0,1,5,1,112,1,0,-1,30:35,5,31,178,14,55,35.7,2,25,0,0,1,0,0,1,45,1,48,1,10,0,0,1,10,Dolphins,Sunday,2018-10-07,2018-10-07 13:00:00
2018-10-07 16:25:00,2018,5,MIN,PHI,AWAY,23,21,Lincoln Financial Field,Grass,32:47,10,33,201,1,12,41,0,20,16,159,0,0,43.4,0,0,0,1,1,42,0,1,0,27:13,11,29,195,5,43,36.7,2,28,1,1,1,1,1,1,12,0,0,0,0,1,46,1,15,Vikings,Sunday,2018-10-07,2018-10-07 16:25:00
2018-10-07 13:00:00,2018,5,NYG,CAR,AWAY,31,33,Bank of America Stadium,Grass,24:33,5,29,231,1,5,27,0,20,12,204,1,1,33.3,0,0,0,0,1,53,1,1,-1,35:27,11,36,187,17,63,32.1,1,12,0,0,0,1,1,1,4,1,55,0,-2,0,0,0,1,Giants,Sunday,2018-10-07,2018-10-07 13:00:00
2018-10-07 16:05:00,2018,5,OAK,LAC,AWAY,10,26,StubHub Center,Grass,25:20,4,26,155,0,4,22,0,18,13,133,0,0,38.9,0,0,1,11,1,105,1,0,-1,34:40,10,32,220,17,42,43.6,3,44,0,0,0,1,0,0,1,1,24,1,19,1,27,0,2,Raiders,Sunday,2018-10-07,2018-10-07 16:05:00
2018-10-07 13:00:00,2018,5,TEN,BUF,AWAY,12,13,New Era Field,Artificial,26:11,4,28,118,0,13,54,0,14,4,65,0,0,28.8,1,1,1,2,1,57,1,0,-1,33:49,5,34,119,23,77,26.8,1,16,0,0,0,1,1,1,21,0,18,0,2,0,14,0,1,Titans,Sunday,2018-10-07,2018-10-07 13:00:00
2018-10-08 20:15:00,2018,5,WAS,NO,AWAY,19,43,Mercedes-Benz Superdome,Grass,26:43,5,32,151,1,5,21,1,21,12,131,0,0,31.6,0,0,1,17,1,59,1,0,-1,33:17,14,34,239,17,52,48,1,24,0,0,1,1,1,0,0,1,24,0,0,1,23,1,4,Redskins,Monday,2018-10-08,2018-10-08 20:15:00
2018-10-14 13:00:00,2018,6,ARI,MIN,AWAY,17,27,U.S. Bank Stadium,Artificial,25:38,22,76,371,4,28,83,2,43,29,288,0,2,93.8,2,2,8,44,12,399,4,4,0,34:22,28,97,570,44,270,97.9,12,72,2,2,8,2,2,6,24,6,83,6,36,2,24,8,24,Cardinals,Sunday,2018-10-14,2018-10-14 13:00:00
2018-10-14 16:25:00,2018,6,BAL,TEN,AWAY,21,0,Nissan Stadium,Grass,37:34,32,100,500,6,49,170,4,51,35,330,2,2,93.7,0,0,0,0,8,243,2,0,-1,22:26,13,55,147,19,76,92.4,8,49,0,0,15,0,0,8,69,2,28,2,0,2,28,15,91,Ravens,Sunday,2018-10-14,2018-10-14 16:25:00
2018-10-14 13:00:00,2018,6,BUF,HOU,AWAY,13,20,NRG Stadium,Artificial,33:0,17,80,317,2,37,139,0,40,22,179,2,4,76.5,2,2,4,22,10,337,6,6,0,27:0,21,79,299,33,103,80,12,69,2,2,13,4,4,6,11,6,60,6,13,0,0,13,49,Bills,Sunday,2018-10-14,2018-10-14 13:00:00
2018-10-14 13:00:00,2018,6,CAR,WAS,AWAY,17,23,FedEx Field,Grass,24:36,30,82,485,4,25,112,0,55,37,373,4,2,93.6,4,4,2,12,6,184,6,0,-4,35:24,25,93,399,39,183,80.8,10,60,0,0,6,2,2,2,2,4,51,2,14,4,33,6,13,Panthers,Sunday,2018-10-14,2018-10-14 13:00:00
2018-10-14 13:00:00,2018,6,CHI,MIA,AWAY,28,31,Hard Rock Stadium,Grass,33:25,32,89,647,8,43,227,2,43,30,420,6,2,98.4,4,4,4,18,4,109,6,6,0,36:35,32,104,750,43,223,88.1,13,93,2,2,0,2,0,2,10,2,22,0,0,0,0,0,0,Bears,Sunday,2018-10-14,2018-10-14 13:00:00
2018-10-14 13:00:00,2018,6,IND,NYJ,AWAY,34,42,MetLife Stadium,Artificial,22:58,33,91,593,8,32,176,0,60,32,417,8,6,74.2,2,2,0,0,4,129,8,4,-3,37:2,25,94,518,50,148,110.9,13,68,2,2,4,4,4,0,0,4,69,2,12,6,96,4,18,Colts,Sunday,2018-10-14,2018-10-14 13:00:00
2018-10-14 16:25:00,2018,6,JAX,DAL,AWAY,7,40,AT&T Stadium,Artificial,21:10,14,65,283,2,25,90,0,36,21,193,2,2,80,2,2,6,14,12,344,4,0,-3,38:50,32,100,524,58,286,87.3,6,35,0,0,6,0,0,4,-3,2,43,4,12,0,0,6,15,Jaguars,Sunday,2018-10-14,2018-10-14 16:25:00
2018-10-14 20:20:00,2018,6,KC,NE,AWAY,40,43,Gillette Stadium,Grass,23:51,25,73,618,8,24,130,0,50,32,488,8,4,88.6,0,0,0,0,2,71,4,2,-1,36:9,43,104,693,53,240,95.1,0,0,2,2,4,8,8,0,0,10,263,0,0,2,42,4,18,Chiefs,Sunday,2018-10-14,2018-10-14 20:20:00
2018-10-14 13:00:00,2018,6,LAC,CLE,AWAY,38,14,FirstEnergy Stadium,Artificial,31:37,33,80,622,10,50,341,6,29,17,281,4,2,79.1,0,0,2,17,10,288,2,4,2,28:23,25,100,439,29,143,66.3,12,73,0,0,10,2,2,6,50,4,65,8,71,10,166,10,33,Chargers,Sunday,2018-10-14,2018-10-14 13:00:00
2018-10-14 16:05:00,2018,6,LAR,DEN,AWAY,23,20,Broncos Stadium at Mile High,Grass,35:10,33,100,615,4,54,374,4,39,19,241,0,2,69.3,0,0,10,37,6,166,2,2,0,24:50,32,83,495,24,83,84.5,12,85,0,0,4,8,6,4,40,2,43,0,0,4,67,4,35,Rams,Sunday,2018-10-14,2018-10-14 16:05:00
2018-10-11 20:20:00,2018,6,PHI,NYG,AWAY,34,13,MetLife Stadium,Artificial,32:30,32,94,525,8,43,150,2,50,36,376,6,0,100.1,0,0,2,13,10,333,0,2,2,27:30,24,89,556,24,204,77.3,10,85,0,0,8,6,4,10,65,4,47,6,0,4,80,8,37,Eagles,Thursday,2018-10-11,2018-10-11 20:20:00
2018-10-14 13:00:00,2018,6,PIT,CIN,AWAY,28,21,Paul Brown Stadium,Artificial,34:56,36,93,667,6,29,155,4,64,44,511,2,0,96.5,0,0,0,0,8,238,0,0,0,25:4,26,80,381,18,86,85.8,12,42,0,0,6,4,4,4,30,4,67,2,12,6,169,6,22,Steelers,Sunday,2018-10-14,2018-10-14 13:00:00
2018-10-14 13:00:00,2018,6,SEA,OAK,AWAY,27,3,Wembley Stadium,Grass,31:26,26,85,511,6,51,215,0,32,24,297,6,2,102.4,0,0,2,11,4,119,2,4,2,28:34,21,78,256,26,109,102.8,10,53,4,4,12,4,4,2,0,4,32,0,0,0,0,12,50,Seahawks,Sunday,2018-10-14,2018-10-14 13:00:00
2018-10-15 20:15:00,2018,6,SF,GB,AWAY,30,33,Lambeau Field,Grass,28:52,25,76,556,6,42,241,2,32,22,315,4,2,96.5,4,4,4,25,6,175,6,0,-4,31:8,36,97,722,29,161,75.3,12,75,0,0,6,6,6,2,0,10,191,2,12,4,57,6,28,49ers,Monday,2018-10-15,2018-10-15 20:15:00
2018-10-14 13:00:00,2018,6,TB,ATL,AWAY,29,34,Mercedes-Benz Stadium,Artificial,28:21,42,87,707,8,28,168,0,57,42,539,8,4,101.5,0,0,4,12,4,112,4,0,-3,31:39,36,89,578,30,97,104.8,10,42,0,0,2,2,2,4,21,6,55,4,19,2,26,2,11,Buccaneers,Sunday,2018-10-14,2018-10-14 13:00:00
2018-10-21 13:00:00,2018,7,BUF,IND,AWAY,5,37,Lucas Oil Stadium,Artificial,26:41,5,33,182,0,13,81,0,19,12,101,0,1,38.8,1,1,1,3,1,111,2,0,-3,33:19,13,36,226,22,132,44.5,1,21,0,0,0,0,0,0,0,1,29,0,0,0,0,0,0,Bills,Sunday,2018-10-21,2018-10-21 13:00:00
2018-10-21 13:00:00,2018,7,CAR,PHI,AWAY,21,17,Lincoln Financial Field,Grass,24:43,11,35,223,1,10,73,0,23,15,150,1,0,38.6,0,0,1,11,2,126,0,0,0,35:17,13,39,206,14,35,48.8,1,21,0,0,1,0,0,1,4,1,42,1,5,1,44,1,6,Panthers,Sunday,2018-10-21,2018-10-21 13:00:00
2018-10-21 20:20:00,2018,7,CIN,KC,AWAY,10,45,Arrowhead Stadium,Grass,26:17,5,33,144,0,11,39,0,20,11,105,0,0,34.7,0,0,1,5,2,155,0,0,0,33:43,20,42,332,17,119,43.2,3,29,0,0,1,0,0,0,0,1,39,1,13,0,14,1,2,Bengals,Sunday,2018-10-21,2018-10-21 20:20:00
2018-10-21 13:00:00,2018,7,CLE,TB,AWAY,23,26,Raymond James Stadium,Grass,30:27,10,37,184,1,14,72,0,20,14,112,1,0,40.7,0,0,2,17,3,280,0,1,1,37:43,20,53,275,19,69,37,3,39,1,1,1,0,0,1,28,1,25,1,12,0,0,1,19,Browns,Sunday,2018-10-21,2018-10-21 13:00:00
2018-10-21 16:25:00,2018,7,DAL,WAS,AWAY,17,20,FedEx Field,Grass,29:5,10,37,194,1,13,44,0,21,13,150,0,0,37.9,1,1,1,14,2,125,1,0,-1,30:55,5,35,184,19,78,33.7,2,21,0,0,0,1,0,1,4,0,16,0,1,0,0,0,1,Cowboys,Sunday,2018-10-21,2018-10-21 16:25:00
2018-10-18 20:20:00,2018,7,DEN,ARI,AWAY,45,10,U of Phoenix Stadium,Artificial,30:49,5,33,186,2,19,79,1,13,5,107,1,0,41.1,0,0,1,4,2,157,0,2,1,29:11,5,40,134,13,42,32.4,3,27,1,1,2,0,0,1,14,1,23,1,10,2,46,2,24,Broncos,Thursday,2018-10-18,2018-10-18 20:20:00
2018-10-21 13:00:00,2018,7,DET,MIA,AWAY,32,21,Hard Rock Stadium,Grass,33:39,14,35,275,1,21,149,0,13,11,126,1,0,49.2,0,0,0,3,0,37,0,0,0,26:21,11,33,194,11,64,42.7,1,30,0,0,1,1,1,1,5,0,0,0,11,1,45,1,14,Lions,Sunday,2018-10-21,2018-10-21 13:00:00
2018-10-21 13:00:00,2018,7,HOU,JAX,AWAY,20,7,TIAA Bank Field,Artificial,29:35,5,37,164,1,22,85,0,14,4,79,0,0,30.1,0,0,0,3,2,167,0,1,1,30:25,5,41,156,13,42,38.7,1,5,1,1,1,1,1,1,0,0,0,0,13,0,2,1,16,Texans,Sunday,2018-10-21,2018-10-21 13:00:00
2018-10-21 16:25:00,2018,7,LAR,SF,AWAY,39,10,Levi's Stadium,Grass,32:51,12,37,204,1,22,88,1,14,11,116,1,0,45.2,0,0,0,3,1,73,0,1,1,27:9,6,35,137,14,64,33.5,1,4,1,1,3,1,1,1,22,1,28,0,2,0,13,3,29,Rams,Sunday,2018-10-21,2018-10-21 16:25:00
2018-10-21 13:00:00,2018,7,MIN,NYJ,AWAY,37,17,MetLife Stadium,Artificial,32:11,5,39,190,1,14,53,1,24,15,137,1,0,37.6,0,0,0,5,3,230,0,1,1,27:49,6,42,158,14,43,24.4,3,43,0,0,1,1,1,2,34,1,34,1,3,2,116,1,5,Vikings,Sunday,2018-10-21,2018-10-21 13:00:00
2018-10-21 13:00:00,2018,7,NE,CHI,AWAY,38,31,Soldier Field,Grass,29:51,13,39,229,2,16,65,0,22,15,164,1,0,41.8,1,1,0,1,1,103,1,1,-1,30:9,17,46,273,15,81,31.3,2,24,0,0,1,0,0,1,1,1,108,0,10,1,55,1,5,Patriots,Sunday,2018-10-21,2018-10-21 13:00:00
2018-10-21 16:05:00,2018,7,NO,BAL,AWAY,24,23,M&T Bank Stadium,Artificial,33:31,16,42,204,1,23,81,0,18,13,123,1,0,44.1,0,0,0,3,1,53,0,0,-1,26:29,15,39,211,14,46,36.1,2,33,0,0,0,0,0,0,4,0,6,0,3,1,30,0,4,Saints,Sunday,2018-10-21,2018-10-21 16:05:00
2018-10-22 20:15:00,2018,7,NYG,ATL,AWAY,20,23,Mercedes-Benz Stadium,Artificial,27:43,13,37,261,1,12,37,0,23,16,224,0,0,42.8,0,0,1,16,1,98,0,0,0,32:17,13,37,255,12,40,47.9,2,17,0,0,1,1,1,1,17,1,49,0,0,0,13,1,14,Giants,Monday,2018-10-22,2018-10-22 20:15:00
2018-10-21 09:30:00,2018,7,TEN,LAC,AWAY,19,20,Wembley Stadium,Grass,35:23,14,40,235,1,20,99,0,19,14,136,0,0,45.2,0,0,1,4,1,62,0,0,-1,24:37,5,26,207,6,28,44,1,19,0,0,1,1,1,0,0,2,94,1,5,1,28,1,3,Titans,Sunday,2018-10-21,2018-10-21 09:30:00
2018-10-28 13:00:00,2018,8,BAL,CAR,AWAY,21,36,Bank of America Stadium,Grass,25:59,34,110,560,9,31,174,3,76,45,386,6,6,101.8,3,3,6,24,9,263,9,0,-5,34:1,38,108,665,57,265,126.2,12,52,0,0,0,0,0,3,40,3,67,6,36,3,24,0,0,Ravens,Sunday,2018-10-28,2018-10-28 13:00:00
2018-10-28 13:00:00,2018,8,CLE,PIT,AWAY,18,33,Heinz Field,Grass,27:48,29,102,408,6,36,127,0,62,38,281,6,3,105.2,0,0,6,29,15,405,3,6,3,32:12,43,117,725,53,289,114.9,14,103,3,3,3,9,6,6,45,9,107,9,79,6,40,3,12,Browns,Sunday,2018-10-28,2018-10-28 13:00:00
2018-10-28 13:00:00,2018,8,DEN,KC,AWAY,23,30,Arrowhead Stadium,Grass,32:41,38,119,708,9,52,325,3,59,40,382,6,3,116.4,3,3,15,69,12,301,6,3,-2,27:19,34,93,585,31,84,121.6,12,86,0,0,6,6,3,6,22,9,119,9,26,12,150,6,21,Broncos,Sunday,2018-10-28,2018-10-28 13:00:00
2018-10-28 16:25:00,2018,8,GB,LAR,AWAY,27,29,Los Angeles Memorial Coliseum,Grass,25:50,28,90,618,9,33,183,6,52,31,436,3,0,103.3,3,3,9,57,15,369,3,0,-2,34:10,40,129,716,59,232,95.7,6,26,0,0,15,6,6,3,22,9,117,6,6,12,110,15,45,Packers,Sunday,2018-10-28,2018-10-28 16:25:00
2018-10-28 16:05:00,2018,8,IND,OAK,AWAY,42,28,Oakland Coliseum,Grass,36:30,48,122,794,15,69,382,6,53,38,412,9,0,122.3,0,0,0,0,3,79,0,3,3,23:30,33,81,598,33,177,129.2,17,136,3,3,0,6,6,3,17,3,29,3,-2,3,48,0,0,Colts,Sunday,2018-10-28,2018-10-28 16:05:00
2018-10-25 20:20:00,2018,8,MIA,HOU,AWAY,23,42,NRG Stadium,Artificial,31:9,31,112,637,6,43,200,3,65,38,437,3,3,99.7,0,0,6,26,12,324,3,0,-2,28:51,29,95,735,60,324,137.8,14,98,0,0,0,9,9,6,50,9,138,3,22,0,0,0,0,Dolphins,Thursday,2018-10-25,2018-10-25 20:20:00
2018-10-29 20:15:00,2018,8,NE,BUF,AWAY,25,6,New Era Field,Artificial,31:50,38,124,666,6,43,131,3,77,50,536,0,0,110.9,0,0,6,22,12,255,0,6,6,28:10,28,108,573,33,79,100.7,10,88,3,3,9,15,12,0,0,3,36,6,57,9,108,9,45,Patriots,Monday,2018-10-29,2018-10-29 20:15:00
2018-10-28 20:20:00,2018,8,NO,MIN,AWAY,30,20,U.S. Bank Stadium,Artificial,28:37,29,91,465,9,50,183,3,41,33,282,3,3,136.4,0,0,0,0,6,148,3,6,3,31:23,46,115,728,38,146,130.2,10,93,3,3,12,9,9,3,26,6,86,3,12,6,64,12,36,Saints,Sunday,2018-10-28,2018-10-28 20:20:00
2018-10-28 13:00:00,2018,8,NYJ,CHI,AWAY,10,24,Soldier Field,Grass,27:16,21,93,356,3,41,98,0,50,24,258,3,0,83.2,0,0,3,9,14,580,0,0,0,32:44,38,112,680,59,308,95.1,6,43,0,0,6,3,3,3,14,0,0,12,62,3,33,6,12,Jets,Sunday,2018-10-28,2018-10-28 13:00:00
2018-10-28 09:30:00,2018,8,PHI,JAX,AWAY,24,18,Wembley Stadium,Grass,32:38,38,107,680,9,48,229,0,52,36,451,9,3,120.5,3,3,12,41,9,267,6,3,-2,27:22,28,107,577,29,121,100.7,15,77,3,3,12,3,3,3,0,6,48,6,53,3,50,12,36,Eagles,Sunday,2018-10-28,2018-10-28 09:30:00
2018-10-28 13:00:00,2018,8,SEA,DET,AWAY,28,14,Ford Field,Artificial,34:55,34,105,711,12,72,303,3,29,24,408,9,0,141.9,0,0,6,19,12,341,0,9,9,25:5,36,96,570,22,59,116.2,12,55,6,6,9,0,0,3,17,3,29,6,14,9,133,6,22,Seahawks,Sunday,2018-10-28,2018-10-28 13:00:00
2018-10-28 16:25:00,2018,8,SF,ARI,AWAY,15,18,U of Phoenix Stadium,Artificial,32:19,28,108,460,3,53,184,0,48,24,276,3,0,86.1,0,0,12,52,12,491,0,6,6,27:41,34,110,553,36,152,99,15,107,3,3,9,6,6,12,55,6,90,0,0,0,0,9,33,49ers,Sunday,2018-10-28,2018-10-28 16:25:00
2018-10-28 13:00:00,2018,8,TB,CIN,AWAY,34,37,Paul Brown Stadium,Artificial,35:59,50,143,992,12,46,217,3,86,50,775,9,12,99.9,0,0,10,34,9,257,12,0,-7,24:1,36,108,692,46,238,106.4,12,79,0,0,6,6,6,3,14,0,0,6,50,6,53,6,28,Buccaneers,Sunday,2018-10-28,2018-10-28 13:00:00
2018-10-28 13:00:00,2018,8,WAS,NYG,AWAY,20,13,MetLife Stadium,Artificial,33:38,34,112,620,6,57,313,3,55,34,307,3,0,107.6,3,3,0,0,15,424,3,6,3,26:22,31,117,522,24,64,109.9,19,176,0,0,12,9,6,0,0,3,34,12,31,3,52,12,86,Redskins,Sunday,2018-10-28,2018-10-28 13:00:00
2018-11-04 13:00:00,2018,9,ATL,WAS,AWAY,38,14,FedEx Field,Grass,32:56,23,60,461,4,23,145,1,36,24,316,4,1,64.2,0,0,2,12,2,97,1,1,0,27:4,19,60,344,14,74,61.2,9,138,0,0,3,1,1,1,4,0,0,1,0,4,89,3,18,Falcons,Sunday,2018-11-04,2018-11-04 13:00:00
2018-11-04 13:00:00,2018,9,CHI,BUF,AWAY,41,9,New Era Field,Artificial,25:57,10,43,178,4,23,60,2,19,11,118,1,1,56.3,0,0,1,8,4,188,1,4,3,34:3,21,76,248,26,92,59.4,9,153,1,1,4,2,2,3,45,0,0,2,12,0,0,4,21,Bears,Sunday,2018-11-04,2018-11-04 13:00:00
2018-11-04 13:00:00,2018,9,DET,MIN,AWAY,9,24,U.S. Bank Stadium,Artificial,36:45,17,66,196,0,23,62,0,34,23,134,0,0,65.2,1,1,9,53,4,208,1,2,1,23:15,16,43,266,22,120,76.8,3,14,1,1,1,3,3,0,0,3,54,1,23,1,14,1,8,Lions,Sunday,2018-11-04,2018-11-04 13:00:00
2018-11-04 20:20:00,2018,9,GB,NE,AWAY,17,31,Gillette Stadium,Grass,32:34,21,65,345,2,23,110,0,40,23,235,2,0,52.4,1,1,1,8,4,197,1,0,-1,27:26,26,65,407,29,115,60,4,28,0,0,2,1,1,0,0,2,40,1,0,2,60,2,20,Packers,Sunday,2018-11-04,2018-11-04 20:20:00
2018-11-04 16:05:00,2018,9,HOU,DEN,AWAY,19,17,Broncos Stadium at Mile High,Grass,32:25,16,57,272,2,31,92,0,23,16,180,2,0,66.5,0,0,4,20,5,288,0,1,1,27:35,18,60,327,19,70,58.1,7,47,1,1,2,2,2,2,15,0,0,5,16,0,0,2,16,Texans,Sunday,2018-11-04,2018-11-04 16:05:00
2018-11-04 13:00:00,2018,9,KC,CLE,AWAY,37,21,FirstEnergy Stadium,Artificial,29:9,25,54,469,4,23,131,2,30,22,338,3,1,67.5,0,0,2,14,2,59,1,1,0,30:51,24,66,364,23,96,65.5,4,19,0,0,2,1,1,0,0,2,50,1,1,1,15,2,21,Chiefs,Sunday,2018-11-04,2018-11-04 13:00:00
2018-11-04 16:05:00,2018,9,LAC,SEA,AWAY,25,17,CenturyLink Field,Artificial,24:19,17,47,352,4,21,150,1,24,12,202,2,0,47,0,0,2,12,5,242,0,1,1,35:41,23,70,334,30,145,62.6,9,78,0,0,4,1,0,4,16,2,19,3,4,3,65,4,31,Chargers,Sunday,2018-11-04,2018-11-04 16:05:00
2018-11-04 16:25:00,2018,9,LAR,NO,AWAY,35,45,Mercedes-Benz Superdome,Grass,26:19,22,55,454,4,18,86,1,38,26,367,3,1,65.7,0,0,0,0,1,44,1,1,0,33:41,29,66,457,32,132,65.2,2,19,1,1,0,3,2,0,0,3,83,0,0,2,46,0,0,Rams,Sunday,2018-11-04,2018-11-04 16:25:00
2018-11-04 13:00:00,2018,9,NYJ,MIA,AWAY,6,13,Hard Rock Stadium,Grass,31:34,14,60,265,0,20,75,0,37,20,190,0,4,50.5,0,0,4,25,5,260,4,0,-4,28:26,6,52,158,25,60,58.7,4,52,0,0,4,3,2,2,16,0,0,3,35,1,23,4,33,Jets,Sunday,2018-11-04,2018-11-04 13:00:00
2018-11-01 20:20:00,2018,9,OAK,SF,AWAY,3,34,Levi's Stadium,Grass,31:26,13,52,227,0,22,96,0,23,16,131,0,0,66.5,0,0,7,37,5,211,0,0,0,28:34,17,51,380,30,134,68.3,3,22,0,0,0,2,1,0,0,2,48,2,5,0,0,0,0,Raiders,Thursday,2018-11-01,2018-11-01 20:20:00
2018-11-04 13:00:00,2018,9,PIT,BAL,AWAY,23,16,M&T Bank Stadium,Artificial,36:29,25,71,371,3,25,106,1,45,27,265,2,0,56.7,0,0,1,9,4,141,0,0,0,23:31,17,53,249,15,57,59.3,4,23,0,0,2,1,1,3,16,1,29,2,25,1,29,2,13,Steelers,Sunday,2018-11-04,2018-11-04 13:00:00
2018-11-04 13:00:00,2018,9,TB,CAR,AWAY,28,42,Bank of America Stadium,Grass,29:0,22,61,283,4,20,77,0,38,23,206,4,2,54.9,0,0,3,23,4,217,2,0,-2,31:0,21,55,382,30,168,71.4,8,79,0,0,2,0,0,2,14,1,23,1,11,0,0,2,18,Buccaneers,Sunday,2018-11-04,2018-11-04 13:00:00
2018-11-05 20:15:00,2018,9,TEN,DAL,AWAY,28,14,AT&T Stadium,Artificial,34:26,23,65,319,4,34,117,2,27,20,202,2,0,68,2,2,4,23,1,42,2,2,0,25:34,17,53,279,18,68,61.6,5,49,1,1,4,1,0,2,10,1,22,1,6,1,22,4,17,Titans,Monday,2018-11-05,2018-11-05 20:15:00
2018-11-11 13:00:00,2018,10,ARI,KC,AWAY,14,26,Arrowhead Stadium,Grass,31:47,23,74,280,2,27,101,1,42,24,179,1,2,60.8,0,0,6,45,6,266,2,0,-2,28:13,22,60,356,25,127,80.8,9,68,0,0,6,0,0,3,9,3,96,2,0,2,24,6,40,Cardinals,Sunday,2018-11-11,2018-11-11 13:00:00
2018-11-11 13:00:00,2018,10,ATL,CLE,AWAY,16,28,FirstEnergy Stadium,Artificial,31:23,27,79,412,2,20,77,0,56,41,335,2,0,78.8,2,2,2,20,3,127,2,1,-1,28:37,20,54,460,31,227,87.3,8,41,0,0,0,1,1,1,6,2,45,1,7,5,74,0,0,Falcons,Sunday,2018-11-11,2018-11-11 13:00:00
2018-11-11 13:00:00,2018,10,BUF,NYJ,AWAY,41,10,MetLife Stadium,Artificial,39:22,25,79,486,6,50,229,3,28,17,258,2,0,66.3,0,0,1,9,5,188,0,2,2,20:38,13,59,215,19,89,53.9,1,11,0,0,3,2,2,6,64,1,36,1,16,7,153,3,20,Bills,Sunday,2018-11-11,2018-11-11 13:00:00
2018-11-08 20:20:00,2018,10,CAR,PIT,AWAY,21,52,Heinz Field,Grass,29:25,19,60,261,3,24,102,1,31,25,158,2,1,85.5,1,1,6,50,6,221,2,0,-2,30:35,27,63,493,32,149,91.8,1,26,0,0,1,0,0,0,0,6,115,1,11,1,11,1,7,Panthers,Thursday,2018-11-08,2018-11-08 20:20:00
2018-11-11 20:20:00,2018,10,DAL,PHI,AWAY,27,20,Lincoln Financial Field,Grass,33:22,25,73,442,3,30,184,2,39,28,258,1,0,77.8,0,0,5,33,5,176,0,1,1,26:38,25,67,454,17,77,78.4,0,0,0,0,2,3,2,1,0,0,0,2,12,5,100,2,11,Cowboys,Sunday,2018-11-11,2018-11-11 20:20:00
2018-11-11 13:00:00,2018,10,DET,CHI,AWAY,22,34,Soldier Field,Grass,32:0,26,78,329,3,26,82,1,45,27,247,2,2,64.1,1,1,7,49,5,168,3,0,-3,28:0,22,57,433,24,58,82.7,7,50,0,0,1,1,1,1,12,3,66,1,19,2,25,1,8,Lions,Sunday,2018-11-11,2018-11-11 13:00:00
2018-11-11 13:00:00,2018,10,JAX,IND,AWAY,26,29,Lucas Oil Stadium,Artificial,35:10,26,79,447,3,37,98,1,42,29,349,2,0,74.6,1,1,0,0,3,149,1,1,0,24:50,18,56,395,25,87,78,8,49,0,0,0,3,2,1,1,3,116,1,7,1,8,0,0,Jaguars,Sunday,2018-11-11,2018-11-11 13:00:00
2018-11-11 16:05:00,2018,10,LAC,OAK,AWAY,20,6,Oakland Coliseum,Grass,28:50,17,57,361,2,28,122,0,28,19,239,2,1,74.6,0,0,1,1,5,184,1,1,0,31:10,17,68,342,24,123,70,7,59,1,1,5,2,2,2,16,2,44,3,9,6,103,5,43,Chargers,Sunday,2018-11-11,2018-11-11 16:05:00
2018-11-11 16:25:00,2018,10,MIA,GB,AWAY,12,31,Lambeau Field,Grass,32:8,20,71,317,0,25,141,0,40,25,176,0,1,67.1,1,1,7,54,2,83,2,1,-1,27:52,23,59,406,27,210,73.2,7,49,1,1,2,5,5,0,0,6,105,1,20,2,37,2,18,Dolphins,Sunday,2018-11-11,2018-11-11 16:25:00
2018-11-11 13:00:00,2018,10,NE,TEN,AWAY,10,34,Nissan Stadium,Grass,27:3,17,70,306,1,20,43,1,46,25,263,0,0,57.7,0,0,3,25,7,321,0,0,0,32:57,25,68,415,39,162,73.3,5,38,0,0,2,2,1,2,32,3,80,3,45,2,84,2,15,Patriots,Sunday,2018-11-11,2018-11-11 13:00:00
2018-11-11 13:00:00,2018,10,NO,CIN,AWAY,51,14,Paul Brown Stadium,Artificial,39:46,36,80,549,7,51,263,3,29,24,286,3,0,87.9,0,0,0,0,0,0,0,2,2,20:14,14,46,306,17,119,65.7,5,28,0,0,5,3,3,1,2,0,0,0,0,7,115,5,26,Saints,Sunday,2018-11-11,2018-11-11 13:00:00
2018-11-12 20:15:00,2018,10,NYG,SF,AWAY,27,23,Levi's Stadium,Grass,25:46,18,59,299,3,25,105,0,33,20,194,3,0,66.1,0,0,1,9,6,257,0,2,2,34:14,26,73,403,31,134,74.6,11,105,0,0,0,2,2,1,8,5,112,2,26,0,0,0,0,Giants,Monday,2018-11-12,2018-11-12 20:15:00
2018-11-11 16:25:00,2018,10,SEA,LAR,AWAY,31,36,Los Angeles Memorial Coliseum,Grass,30:37,31,69,446,5,37,294,1,28,18,152,3,0,70.5,1,1,5,38,3,178,1,0,-1,29:23,27,69,492,25,161,77.4,11,110,0,0,2,1,1,1,10,1,23,2,24,2,33,2,12,Seahawks,Sunday,2018-11-11,2018-11-11 16:25:00
2018-11-11 13:00:00,2018,10,WAS,TB,AWAY,16,3,Raymond James Stadium,Grass,28:48,16,59,308,1,27,125,0,29,20,183,1,0,75.9,0,0,3,9,6,266,0,5,5,31:12,31,72,540,26,111,76.2,6,54,2,2,2,3,3,0,0,1,20,1,9,0,0,2,9,Redskins,Sunday,2018-11-11,2018-11-11 13:00:00
2018-11-18 13:00:00,2018,11,CAR,DET,AWAY,19,20,Ford Field,Artificial,28:20,30,85,575,7,24,83,0,56,37,492,7,2,97.7,0,0,7,39,11,330,2,0,-1,31:40,30,95,459,39,140,92.4,2,11,0,0,2,2,0,2,-1,4,50,2,15,2,30,2,11,Panthers,Sunday,2018-11-18,2018-11-18 13:00:00
2018-11-18 13:00:00,2018,11,CIN,BAL,AWAY,21,24,M&T Bank Stadium,Artificial,21:51,22,80,379,7,24,71,2,55,28,307,4,0,76.3,0,0,2,9,13,373,0,2,2,38:9,34,111,598,79,396,101.6,11,46,0,0,7,2,0,4,68,4,52,4,21,9,99,7,18,Bengals,Sunday,2018-11-18,2018-11-18 13:00:00
2018-11-18 13:00:00,2018,11,DAL,ATL,AWAY,22,19,Mercedes-Benz Stadium,Artificial,31:57,30,94,480,4,43,196,4,48,33,284,0,0,102.2,0,0,4,25,7,198,0,2,2,28:3,28,82,526,27,119,104.8,4,22,0,0,7,7,7,0,0,0,0,7,24,4,48,7,25,Cowboys,Sunday,2018-11-18,2018-11-18 13:00:00
2018-11-18 16:05:00,2018,11,DEN,LAC,AWAY,23,22,StubHub Center,Grass,22:11,24,77,483,7,28,160,7,49,30,322,0,0,90,0,0,0,0,11,333,0,4,4,37:49,39,107,711,39,141,96.7,21,178,0,0,7,2,2,0,0,9,95,2,4,7,104,7,31,Broncos,Sunday,2018-11-18,2018-11-18 16:05:00
2018-11-15 20:20:00,2018,11,GB,SEA,AWAY,24,27,CenturyLink Field,Artificial,25:42,21,71,533,7,19,71,2,45,31,462,4,0,104,0,0,11,31,13,422,0,2,2,34:18,34,102,561,52,257,100.5,13,45,2,2,7,4,2,7,46,2,30,0,0,4,70,7,30,Packers,Thursday,2018-11-15,2018-11-15 20:20:00
2018-11-18 13:00:00,2018,11,HOU,WAS,AWAY,23,21,FedEx Field,Grass,29:3,28,86,475,4,46,206,0,36,24,269,2,4,99,2,2,7,40,2,45,7,4,-1,30:57,34,108,413,43,184,68.6,13,64,0,0,11,11,7,2,24,2,27,0,0,9,116,11,53,Texans,Sunday,2018-11-18,2018-11-18 13:00:00
2018-11-19 20:15:00,2018,11,KC,LAR,AWAY,51,54,Los Angeles Memorial Coliseum,Grass,29:37,40,102,811,10,30,146,0,68,49,665,13,7,106.5,4,4,7,45,7,211,11,4,-4,30:23,43,111,676,31,113,94,12,89,4,4,11,2,2,7,33,10,307,2,-4,9,116,11,50,Chiefs,Monday,2018-11-19,2018-11-19 20:15:00
2018-11-18 20:20:00,2018,11,MIN,CHI,AWAY,20,25,Soldier Field,Grass,25:31,28,92,398,4,21,33,0,68,45,365,4,4,96.8,2,2,4,24,9,264,7,7,0,34:29,36,105,457,58,220,95.8,11,68,2,2,2,4,4,2,15,4,85,2,16,4,62,2,11,Vikings,Sunday,2018-11-18,2018-11-18 20:20:00
2018-11-18 16:05:00,2018,11,OAK,ARI,AWAY,23,21,U of Phoenix Stadium,Artificial,36:1,28,101,483,4,49,226,0,46,28,257,4,0,91,0,0,9,28,12,536,0,4,4,23:59,19,77,419,46,229,66.8,10,92,0,0,2,7,7,9,46,4,79,9,56,2,48,2,12,Raiders,Sunday,2018-11-18,2018-11-18 16:05:00
2018-11-18 16:25:00,2018,11,PHI,NO,AWAY,7,48,Mercedes-Benz Superdome,Grass,22:26,19,71,291,2,18,86,2,49,28,205,0,7,85.5,0,0,7,27,9,236,7,0,-4,37:34,42,102,811,55,257,106.8,12,102,0,0,0,0,0,2,-3,9,169,4,19,0,0,0,0,Eagles,Sunday,2018-11-18,2018-11-18 16:25:00
2018-11-18 13:00:00,2018,11,PIT,JAX,AWAY,20,16,TIAA Bank Field,Artificial,22:20,28,89,480,7,16,39,2,70,40,441,4,7,85.2,0,0,4,25,13,454,7,2,-3,37:40,22,99,361,64,266,82.6,16,165,2,2,13,0,0,7,19,4,65,4,53,4,37,13,59,Steelers,Sunday,2018-11-18,2018-11-18 13:00:00
2018-11-18 13:00:00,2018,11,TB,NYG,AWAY,35,38,MetLife Stadium,Artificial,32:7,46,101,757,11,45,224,7,55,37,533,4,9,100.4,0,0,2,10,2,65,9,0,-6,27:53,28,79,533,46,242,140.2,12,89,0,0,9,0,0,2,15,10,203,2,11,13,205,9,39,Buccaneers,Sunday,2018-11-18,2018-11-18 13:00:00
2018-11-18 13:00:00,2018,11,TEN,IND,AWAY,10,38,Lucas Oil Stadium,Artificial,28:44,24,88,391,2,37,129,0,43,31,261,2,4,107.5,0,0,11,40,13,440,4,0,-3,31:16,39,89,590,42,151,111.4,10,89,0,0,0,2,2,0,0,0,0,7,97,2,28,0,0,Titans,Sunday,2018-11-18,2018-11-18 13:00:00
2018-11-25 16:05:00,2018,12,ARI,LAC,AWAY,10,45,StubHub Center,Grass,24:42,6,35,116,1,19,48,0,15,7,68,1,1,49.4,0,0,1,14,3,192,1,1,0,35:18,23,52,323,23,139,68.3,2,23,1,1,2,1,1,1,20,4,109,1,22,2,68,2,18,Cardinals,Sunday,2018-11-25,2018-11-25 16:05:00
2018-11-22 20:20:00,2018,12,ATL,NO,AWAY,17,31,Mercedes-Benz Superdome,Grass,30:59,16,54,286,1,12,20,0,37,27,266,1,1,58.2,2,2,4,29,1,75,2,1,-2,29:1,15,43,244,24,117,53.3,2,15,0,0,1,1,1,0,0,2,82,1,4,1,25,1,5,Falcons,Thursday,2018-11-22,2018-11-22 20:20:00
2018-11-22 12:30:00,2018,12,CHI,DET,AWAY,23,16,Ford Field,Artificial,27:14,15,45,206,2,12,30,0,30,22,177,1,0,57.6,1,1,2,7,3,184,1,1,1,32:46,13,50,260,19,87,57.6,3,42,0,0,1,1,1,2,36,1,13,2,20,0,0,1,11,Bears,Thursday,2018-11-22,2018-11-22 12:30:00
2018-11-25 13:00:00,2018,12,CLE,CIN,AWAY,35,20,Paul Brown Stadium,Artificial,32:4,19,48,267,3,27,66,1,20,15,201,2,0,57.1,0,0,0,0,2,147,0,1,1,27:56,20,52,291,16,101,45.8,10,75,1,1,1,0,0,1,4,1,26,2,45,1,38,1,7,Browns,Sunday,2018-11-25,2018-11-25 13:00:00
2018-11-25 20:20:00,2018,12,GB,MIN,AWAY,17,24,U.S. Bank Stadium,Artificial,25:23,11,40,198,1,15,64,1,22,13,134,1,0,47.4,1,1,2,20,4,216,1,0,-1,34:37,17,54,325,23,71,59.6,4,43,0,0,1,1,1,2,28,1,18,1,16,0,0,1,13,Packers,Sunday,2018-11-25,2018-11-25 20:20:00
2018-11-25 13:00:00,2018,12,JAX,BUF,AWAY,21,24,New Era Field,Artificial,32:42,20,51,260,2,30,177,1,18,7,84,1,1,40.8,0,0,2,16,4,224,1,0,-2,27:18,14,42,255,27,130,32.9,10,62,0,0,0,1,0,1,26,2,48,2,10,2,52,0,0,Jaguars,Sunday,2018-11-25,2018-11-25 13:00:00
2018-11-25 16:25:00,2018,12,MIA,IND,AWAY,24,27,Lucas Oil Stadium,Artificial,28:6,11,40,245,2,20,88,1,20,13,157,1,0,53.1,1,1,1,2,4,223,1,2,1,31:54,20,51,355,20,92,63.7,4,41,1,1,1,1,1,1,0,1,7,2,11,0,0,1,6,Dolphins,Sunday,2018-11-25,2018-11-25 16:25:00
2018-11-25 13:00:00,2018,12,NE,NYJ,AWAY,27,13,MetLife Stadium,Artificial,34:26,20,52,389,2,28,168,1,24,16,221,1,0,50.4,0,0,0,0,2,144,0,1,1,25:34,14,48,264,12,58,45.1,5,37,0,0,1,1,1,1,0,1,12,1,1,1,41,1,7,Patriots,Sunday,2018-11-25,2018-11-25 13:00:00
2018-11-25 13:00:00,2018,12,NYG,PHI,AWAY,22,25,Lincoln Financial Field,Grass,27:22,14,45,314,1,14,98,1,29,20,216,1,1,54.9,0,0,1,16,2,104,1,0,-1,32:38,15,47,266,23,99,55.8,4,36,0,0,2,2,2,1,20,2,79,1,2,1,40,2,17,Giants,Sunday,2018-11-25,2018-11-25 13:00:00
2018-11-25 13:00:00,2018,12,OAK,BAL,AWAY,17,34,M&T Bank Stadium,Artificial,25:48,10,44,194,1,15,52,1,27,12,142,1,0,36.8,1,1,2,7,4,209,1,1,1,34:12,18,54,325,34,189,43.7,4,35,0,0,1,1,1,1,-2,1,34,2,62,1,46,1,2,Raiders,Sunday,2018-11-25,2018-11-25 13:00:00
2018-11-25 16:25:00,2018,12,PIT,DEN,AWAY,17,24,Broncos Stadium at Mile High,Grass,35:0,20,59,412,1,12,59,0,45,33,353,1,1,56.5,1,1,1,7,2,104,2,0,-3,25:0,13,41,241,18,97,41.9,4,39,0,0,1,1,1,2,4,0,0,1,4,0,0,1,10,Steelers,Sunday,2018-11-25,2018-11-25 16:25:00
2018-11-25 13:00:00,2018,12,SEA,CAR,AWAY,30,27,Bank of America Stadium,Grass,30:26,16,48,310,2,22,59,1,24,17,251,1,0,55.5,0,0,1,13,2,123,0,1,1,29:34,20,45,372,21,172,65.1,2,23,0,0,0,2,2,0,0,0,0,1,15,2,59,0,0,Seahawks,Sunday,2018-11-25,2018-11-25 13:00:00
2018-11-25 13:00:00,2018,12,SF,TB,AWAY,9,27,Raymond James Stadium,Grass,25:51,18,47,267,1,19,116,0,25,14,152,1,1,43.9,0,0,2,21,4,203,1,0,-2,34:9,20,55,322,24,84,59.6,5,55,0,0,1,1,1,1,4,2,34,1,4,0,0,1,5,49ers,Sunday,2018-11-25,2018-11-25 13:00:00
2018-11-26 20:15:00,2018,12,TEN,HOU,AWAY,17,34,NRG Stadium,Artificial,30:2,11,41,285,1,18,82,0,18,17,203,1,0,74.7,1,1,4,34,4,233,1,0,-1,29:58,15,48,361,27,219,61.9,2,41,0,0,2,1,1,1,15,1,44,2,29,1,23,2,23,Titans,Monday,2018-11-26,2018-11-26 20:15:00
2018-11-22 16:30:00,2018,12,WAS,DAL,AWAY,23,31,AT&T Stadium,Artificial,26:37,14,48,259,2,16,62,1,30,19,196,1,2,49.4,0,0,2,13,3,178,2,0,-2,33:23,16,54,316,27,114,55.5,2,23,0,0,2,1,1,1,31,1,34,0,0,1,15,2,24,Redskins,Thursday,2018-11-22,2018-11-22 16:30:00
2018-12-02 13:00:00,2018,13,ARI,GB,AWAY,20,17,Lambeau Field,Grass,27:34,1,16,89,0,2,51,0,2,1,38,0,0,11.9,0,0,0,1,0,76,0,0,0,32:26,2,21,92,2,28,17.5,1,12,0,0,0,0,0,0,1,0,0,0,2,0,20,0,0,Cardinals,Sunday,2018-12-02,2018-12-02 13:00:00
2018-12-02 13:00:00,2018,13,BAL,ATL,AWAY,26,16,Mercedes-Benz Stadium,Artificial,39:39,2,22,103,0,14,58,0,2,1,45,0,0,16.3,0,0,0,1,0,40,0,0,0,20:21,1,13,37,1,3,16.7,1,23,0,0,0,0,0,0,0,0,10,0,1,0,0,0,3,Ravens,Sunday,2018-12-02,2018-12-02 13:00:00
2018-12-02 13:00:00,2018,13,BUF,MIA,AWAY,17,21,Hard Rock Stadium,Grass,32:57,2,19,117,0,2,56,0,3,1,61,0,0,15.4,0,0,0,1,0,52,0,0,-1,27:3,1,14,49,2,17,18.8,1,25,0,0,0,0,0,0,0,0,2,0,0,0,0,0,2,Bills,Sunday,2018-12-02,2018-12-02 13:00:00
2018-12-02 13:00:00,2018,13,CAR,TB,AWAY,17,24,Raymond James Stadium,Grass,30:6,2,18,125,0,2,47,0,12,2,78,0,0,18.8,0,0,0,2,0,32,0,0,-1,29:54,1,17,89,2,27,18.8,1,19,0,0,0,0,0,0,0,0,3,0,0,0,0,0,2,Panthers,Sunday,2018-12-02,2018-12-02 13:00:00
2018-12-02 13:00:00,2018,13,CHI,NYG,AWAY,27,30,MetLife Stadium,Artificial,33:58,2,22,106,0,3,33,0,11,2,73,0,0,19,0,0,0,2,0,85,0,0,-1,33:13,1,19,95,2,40,15.7,1,30,0,0,0,0,0,0,1,0,2,0,10,0,16,0,2,Bears,Sunday,2018-12-02,2018-12-02 13:00:00
2018-12-02 13:00:00,2018,13,CLE,HOU,AWAY,13,29,NRG Stadium,Artificial,22:25,2,15,121,0,1,2,0,12,2,112,0,0,19,0,0,0,0,0,26,0,0,-1,37:35,2,21,108,11,53,20,0,22,0,0,0,0,0,0,0,0,30,0,0,0,2,0,2,Browns,Sunday,2018-12-02,2018-12-02 13:00:00
2018-12-02 13:00:00,2018,13,DEN,CIN,AWAY,24,10,Paul Brown Stadium,Artificial,28:40,1,16,102,0,3,61,0,2,1,40,0,0,16.1,0,0,0,1,0,73,0,0,0,31:20,2,18,88,2,31,19.1,1,28,0,0,0,0,0,0,0,0,0,0,0,0,2,0,10,Broncos,Sunday,2018-12-02,2018-12-02 13:00:00
2018-12-02 13:00:00,2018,13,IND,JAX,AWAY,0,6,TIAA Bank Field,Artificial,30:27,2,20,75,0,1,12,0,15,3,63,0,0,17.9,0,0,0,2,0,84,0,0,0,29:33,1,15,60,2,22,21.2,1,21,0,0,0,0,0,0,1,0,0,0,1,0,0,0,1,Colts,Sunday,2018-12-02,2018-12-02 13:00:00
2018-12-02 16:05:00,2018,13,KC,OAK,AWAY,40,33,Oakland Coliseum,Grass,29:14,2,19,132,0,2,49,0,11,2,83,0,0,17.1,0,0,0,0,0,35,0,0,0,30:46,2,19,125,2,48,21.5,1,21,0,0,0,0,0,0,0,0,23,0,0,0,19,0,1,Chiefs,Sunday,2018-12-02,2018-12-02 16:05:00
2018-12-02 20:20:00,2018,13,LAC,PIT,AWAY,33,30,Heinz Field,Grass,31:12,2,17,105,0,2,24,0,10,2,81,0,0,20.4,0,0,0,1,0,41,0,0,0,28:48,2,18,95,1,18,18.2,1,17,0,0,0,0,0,0,21,0,2,0,1,0,13,0,1,Chargers,Sunday,2018-12-02,2018-12-02 20:20:00
2018-12-02 13:00:00,2018,13,LAR,DET,AWAY,30,16,Ford Field,Artificial,28:16,2,18,97,0,2,42,0,3,1,55,0,0,14.5,0,0,0,1,0,43,0,0,0,31:44,2,18,87,2,29,16.6,1,15,0,0,0,0,0,0,1,0,15,0,0,0,0,0,10,Rams,Sunday,2018-12-02,2018-12-02 13:00:00
2018-12-02 16:25:00,2018,13,MIN,NE,AWAY,10,24,Gillette Stadium,Grass,26:39,1,17,78,0,1,27,0,12,3,52,0,0,20.5,0,0,0,1,0,64,0,0,0,33:21,2,20,133,11,45,21.2,1,17,0,0,0,0,0,0,0,0,17,0,2,0,16,0,0,Vikings,Sunday,2018-12-02,2018-12-02 16:25:00
2018-11-29 20:20:00,2018,13,NO,DAL,AWAY,10,13,AT&T Stadium,Artificial,23:7,1,14,50,0,2,18,0,2,1,31,0,0,18.1,0,0,0,1,0,58,0,0,0,36:53,2,19,87,2,28,24.2,1,23,0,0,1,0,0,0,1,0,13,0,1,0,0,1,11,Saints,Thursday,2018-11-29,2018-11-29 20:20:00
2018-12-02 16:05:00,2018,13,NYJ,TEN,AWAY,22,26,Nissan Stadium,Grass,33:22,1,18,79,0,3,44,0,2,1,35,0,0,16,0,0,0,0,0,75,0,0,0,26:38,2,17,114,2,37,16.1,1,21,0,0,0,0,0,0,0,0,23,0,0,0,3,0,1,Jets,Sunday,2018-12-02,2018-12-02 16:05:00
2018-12-02 16:25:00,2018,13,SF,SEA,AWAY,16,43,CenturyLink Field,Artificial,32:30,2,21,127,0,2,19,0,14,2,109,0,0,17.6,0,0,0,2,0,57,0,0,-1,27:30,2,14,93,2,47,18.2,1,28,0,0,0,0,0,0,1,0,31,0,-1,0,31,0,2,49ers,Sunday,2018-12-02,2018-12-02 16:25:00
2018-12-03 20:15:00,2018,13,WAS,PHI,AWAY,13,28,Lincoln Financial Field,Grass,20:41,1,12,66,0,1,29,0,2,1,37,0,0,19.2,0,0,0,2,0,82,0,0,0,39:19,2,20,123,3,37,19.5,0,11,0,0,0,0,0,0,0,0,0,0,2,0,2,0,0,Redskins,Monday,2018-12-03,2018-12-03 20:15:00
2018-12-09 13:00:00,2018,14,ATL,GB,AWAY,20,34,Lambeau Field,Grass,30:49,24,73,369,3,26,115,0,45,30,254,3,1,71.6,1,1,2,27,5,215,2,0,-2,29:11,25,65,322,27,148,70.4,7,40,0,0,5,1,0,1,15,6,117,2,0,1,28,5,38,Falcons,Sunday,2018-12-09,2018-12-09 13:00:00
2018-12-09 13:00:00,2018,14,BAL,KC,AWAY,24,27,Arrowhead Stadium,Grass,31:27,26,73,344,3,43,208,1,28,14,136,2,0,53.6,1,1,2,21,3,170,1,1,0,37:0,32,89,474,29,101,70.8,8,57,0,0,3,1,1,1,59,1,32,2,14,0,0,2,18,Ravens,Sunday,2018-12-09,2018-12-09 13:00:00
2018-12-09 13:00:00,2018,14,CAR,CLE,AWAY,20,26,FirstEnergy Stadium,Artificial,33:50,24,74,422,2,27,103,2,46,29,319,0,1,67.4,0,0,1,1,5,170,1,2,1,26:10,13,48,373,23,124,84,8,56,2,2,1,2,2,1,7,2,54,1,20,1,2,1,7,Panthers,Sunday,2018-12-09,2018-12-09 13:00:00
2018-12-09 16:05:00,2018,14,CIN,LAC,AWAY,21,26,StubHub Center,Grass,32:38,20,67,317,2,34,155,1,29,19,162,1,0,71.6,0,0,3,20,3,142,0,0,0,27:22,18,60,309,27,91,70.3,7,41,0,0,2,3,3,2,25,7,130,1,0,3,89,2,18,Bengals,Sunday,2018-12-09,2018-12-09 16:05:00
2018-12-09 16:05:00,2018,14,DEN,SF,AWAY,14,20,Levi's Stadium,Grass,29:19,24,76,294,2,29,111,1,45,26,183,1,0,61.3,0,0,2,16,7,308,0,1,1,30:41,26,71,417,32,90,65,12,93,0,0,3,0,0,3,21,6,71,3,28,3,49,3,33,Broncos,Sunday,2018-12-09,2018-12-09 16:05:00
2018-12-09 16:25:00,2018,14,DET,ARI,AWAY,17,3,U of Phoenix Stadium,Artificial,28:16,17,59,234,2,33,131,1,25,16,103,0,0,70,1,1,1,6,8,340,1,1,0,31:44,24,70,299,23,65,68,9,89,0,0,3,1,1,3,9,0,0,6,28,1,18,3,24,Lions,Sunday,2018-12-09,2018-12-09 16:25:00
2018-12-09 13:00:00,2018,14,IND,HOU,AWAY,24,21,NRG Stadium,Artificial,28:3,26,71,468,3,25,54,1,44,29,414,2,1,70.7,0,0,2,14,7,298,1,0,-1,31:57,27,73,338,27,95,76.3,8,38,0,0,6,1,1,6,50,1,11,2,19,0,0,6,44,Colts,Sunday,2018-12-09,2018-12-09 13:00:00
2018-12-06 20:20:00,2018,14,JAX,TEN,AWAY,9,30,Nissan Stadium,Grass,30:40,18,72,274,1,21,64,0,46,27,209,1,0,62.3,1,1,5,48,6,268,1,1,0,29:20,23,61,457,34,283,80.5,3,32,0,0,1,0,0,2,0,3,54,3,13,1,31,1,0,Jaguars,Thursday,2018-12-06,2018-12-06 20:20:00
2018-12-09 20:20:00,2018,14,LAR,CHI,AWAY,6,15,Soldier Field,Grass,23:11,15,65,230,0,14,56,0,48,23,174,0,5,50.1,0,0,3,27,3,157,5,3,-1,36:49,18,71,315,38,208,57.2,7,48,0,0,1,3,2,0,0,3,63,1,24,2,21,1,11,Rams,Sunday,2018-12-09,2018-12-09 20:20:00
2018-12-10 20:15:00,2018,14,MIN,SEA,AWAY,7,21,CenturyLink Field,Artificial,28:11,17,60,296,1,23,83,0,35,21,214,1,0,65,1,1,2,10,6,229,1,1,0,31:49,20,69,294,45,230,53.6,5,48,0,0,2,1,0,0,0,3,69,3,18,0,0,2,13,Vikings,Monday,2018-12-10,2018-12-10 20:15:00
2018-12-09 13:00:00,2018,14,NE,MIA,AWAY,33,34,Hard Rock Stadium,Grass,35:14,30,80,452,5,32,83,1,46,29,369,3,0,67.4,0,0,2,15,3,152,0,0,0,24:46,21,48,442,23,203,79.1,8,87,0,0,6,3,2,2,8,1,32,3,17,2,41,6,44,Patriots,Sunday,2018-12-09,2018-12-09 13:00:00
2018-12-09 13:00:00,2018,14,NO,TB,AWAY,28,14,Raymond James Stadium,Grass,31:53,20,67,320,3,32,107,2,33,26,212,1,1,83.1,1,1,1,3,3,166,2,1,-1,28:7,21,70,299,25,113,50.9,11,90,0,0,5,2,2,2,31,3,82,1,11,2,47,5,42,Saints,Sunday,2018-12-09,2018-12-09 13:00:00
2018-12-09 13:00:00,2018,14,NYG,WAS,AWAY,40,16,FedEx Field,Grass,30:9,20,68,431,6,36,244,1,29,15,188,3,1,55.7,0,0,2,24,7,277,1,3,2,29:51,13,61,309,24,90,60.8,16,145,0,0,6,2,2,6,55,0,0,2,-2,2,62,6,31,Giants,Sunday,2018-12-09,2018-12-09 13:00:00
2018-12-09 13:00:00,2018,14,NYJ,BUF,AWAY,27,23,New Era Field,Artificial,26:13,16,57,266,3,30,84,2,27,17,182,1,1,68.7,1,1,0,0,3,129,2,3,1,33:47,26,76,395,33,189,52.1,8,50,1,1,3,2,2,0,0,7,200,1,5,6,108,3,15,Jets,Sunday,2018-12-09,2018-12-09 13:00:00
2018-12-09 16:25:00,2018,14,PHI,DAL,AWAY,23,29,AT&T Stadium,Artificial,22:32,17,52,275,3,15,36,0,34,24,238,3,0,73.8,1,1,2,7,7,296,1,3,2,45:33,34,100,618,39,152,83.5,12,118,1,1,3,1,1,1,10,1,39,2,15,2,29,3,23,Eagles,Sunday,2018-12-09,2018-12-09 16:25:00
2018-12-09 16:25:00,2018,14,PIT,OAK,AWAY,21,24,Oakland Coliseum,Grass,27:24,26,62,365,3,20,43,1,41,31,322,2,1,81.9,0,0,1,7,3,124,1,1,0,32:36,21,68,380,27,59,78.9,14,139,1,1,5,2,0,3,30,2,44,0,0,2,36,3,25,Steelers,Sunday,2018-12-09,2018-12-09 16:25:00
2018-12-16 13:00:00,2018,15,ARI,ATL,AWAY,14,40,Mercedes-Benz Stadium,Artificial,29:20,1,19,72,0,2,17,0,10,2,55,0,0,18.3,0,0,1,14,1,96,0,0,-1,30:40,2,19,124,2,61,17.5,0,14,0,0,0,0,0,0,3,0,0,0,1,0,1,0,1,Cardinals,Sunday,2018-12-16,2018-12-16 13:00:00
2018-12-15 20:20:00,2018,15,CLE,DEN,AWAY,17,16,Broncos Stadium at Mile High,Grass,27:18,2,17,88,0,2,38,0,3,1,50,0,0,16.6,0,0,0,1,0,55,0,0,0,32:42,2,20,77,2,3,18.5,1,15,0,0,0,0,0,0,1,0,14,0,0,0,10,0,2,Browns,Saturday,2018-12-15,2018-12-15 20:20:00
2018-12-16 13:00:00,2018,15,DAL,IND,AWAY,0,23,Lucas Oil Stadium,Artificial,28:12,2,18,84,0,2,32,0,11,2,51,0,0,17.6,0,0,0,2,0,23,0,0,0,31:48,2,19,106,11,51,17,0,16,0,0,0,0,0,0,0,0,0,0,0,0,0,0,0,Cowboys,Sunday,2018-12-16,2018-12-16 13:00:00
2018-12-16 13:00:00,2018,15,DET,BUF,AWAY,13,14,New Era Field,Artificial,28:54,1,16,90,0,2,30,0,2,2,59,0,0,21.7,0,0,0,0,1,91,0,0,0,31:6,2,18,89,11,33,14.3,0,2,0,0,0,0,0,0,1,0,2,0,1,0,2,0,1,Lions,Sunday,2018-12-16,2018-12-16 13:00:00
2018-12-16 13:00:00,2018,15,GB,CHI,AWAY,17,24,Soldier Field,Grass,29:37,2,19,92,0,2,25,0,12,2,67,0,0,17,0,0,0,11,0,59,0,0,0,30:23,2,17,95,2,29,20.4,0,2,0,0,0,0,0,0,0,0,0,0,15,0,21,0,0,Packers,Sunday,2018-12-16,2018-12-16 13:00:00
2018-12-15 16:30:00,2018,15,HOU,NYJ,AWAY,29,22,MetLife Stadium,Artificial,24:56,1,15,82,0,1,13,0,2,2,68,0,0,22.5,0,0,0,16,0,39,0,0,0,35:4,2,21,91,3,26,18.1,1,17,0,0,0,0,0,0,1,0,2,0,2,0,20,0,2,Texans,Saturday,2018-12-15,2018-12-15 16:30:00
2018-12-13 20:20:00,2018,15,LAC,KC,AWAY,29,28,Arrowhead Stadium,Grass,33:16,2,19,116,0,2,34,0,11,2,82,0,0,19.6,0,0,0,2,0,24,0,0,-1,26:44,2,15,84,1,17,20.2,1,19,0,0,0,0,0,0,0,0,13,0,0,0,30,0,1,Chargers,Thursday,2018-12-13,2018-12-13 20:20:00
2018-12-16 13:00:00,2018,15,MIA,MIN,AWAY,17,41,U.S. Bank Stadium,Artificial,26:44,1,15,55,0,2,45,0,2,1,11,0,0,13.1,0,0,1,20,1,100,0,0,0,33:16,2,18,120,11,63,19.1,0,13,0,0,0,0,0,0,1,0,13,0,33,0,2,0,1,Dolphins,Sunday,2018-12-16,2018-12-16 13:00:00
2018-12-16 16:25:00,2018,15,NE,PIT,AWAY,10,17,Heinz Field,Grass,29:11,1,16,105,0,2,27,0,10,2,78,0,0,19.8,0,0,0,1,0,62,0,0,0,30:49,2,17,108,2,45,18.5,0,11,0,0,0,0,0,0,0,0,2,0,0,0,2,0,1,Patriots,Sunday,2018-12-16,2018-12-16 16:25:00
2018-12-17 20:15:00,2018,15,NO,CAR,AWAY,12,9,Bank of America Stadium,Grass,35:9,2,20,99,0,3,44,0,10,2,55,0,0,18.8,0,0,0,1,0,48,0,0,0,24:51,1,16,71,2,28,16.2,0,14,0,0,0,0,0,0,1,0,14,0,0,0,2,0,3,Saints,Monday,2018-12-17,2018-12-17 20:15:00
2018-12-16 13:00:00,2018,15,OAK,CIN,AWAY,16,30,Paul Brown Stadium,Artificial,26:41,1,17,85,0,1,19,0,11,2,65,0,0,15.8,0,0,0,3,0,65,0,0,0,33:19,1,21,84,12,49,12.1,1,24,0,0,0,0,0,0,2,0,20,0,0,0,48,0,1,Raiders,Sunday,2018-12-16,2018-12-16 13:00:00
2018-12-16 20:20:00,2018,15,PHI,LAR,AWAY,30,23,Los Angeles Memorial Coliseum,Grass,31:36,1,17,109,0,2,32,0,3,2,77,0,0,22.1,0,0,0,0,0,44,0,0,0,28:24,2,21,116,1,23,18.5,0,14,0,0,0,0,0,0,1,0,1,0,-1,0,3,0,1,Eagles,Sunday,2018-12-16,2018-12-16 20:20:00
2018-12-16 16:05:00,2018,15,SEA,SF,AWAY,23,26,Levi's Stadium,Grass,37:14,1,20,110,0,10,48,0,3,2,62,0,0,21.2,0,0,0,2,1,122,0,0,0,29:40,2,17,100,2,27,19.7,1,19,0,0,0,0,0,0,1,0,2,0,2,0,32,0,1,Seahawks,Sunday,2018-12-16,2018-12-16 16:05:00
2018-12-16 13:00:00,2018,15,TB,BAL,AWAY,12,20,M&T Bank Stadium,Artificial,22:50,1,13,69,0,2,24,0,2,1,45,0,0,14.9,0,0,0,0,0,47,0,0,0,37:10,2,21,106,14,69,17.4,1,20,0,0,0,0,0,0,1,0,26,0,0,0,26,0,0,Buccaneers,Sunday,2018-12-16,2018-12-16 13:00:00
2018-12-16 13:00:00,2018,15,TEN,NYG,AWAY,17,0,MetLife Stadium,Artificial,35:21,2,19,86,0,13,61,0,2,1,25,0,0,17.7,0,0,0,1,0,63,0,0,0,24:39,1,18,74,1,13,13.6,1,17,0,0,0,0,0,0,1,0,2,0,0,0,26,0,1,Titans,Sunday,2018-12-16,2018-12-16 13:00:00
2018-12-16 13:00:00,2018,15,WAS,JAX,AWAY,16,13,TIAA Bank Field,Artificial,33:6,1,17,70,0,3,31,0,2,1,39,0,0,18.3,0,0,0,1,0,80,0,0,0,26:54,1,14,55,2,49,15.1,1,16,0,0,0,0,0,0,1,0,3,0,24,0,2,0,11,Redskins,Sunday,2018-12-16,2018-12-16 13:00:00
2018-12-23 13:00:00,2018,16,ATL,CAR,AWAY,24,10,Bank of America Stadium,Grass,22:31,22,66,585,6,29,266,0,36,21,319,6,0,79,4,4,2,11,9,322,4,8,4,37:29,40,115,597,34,193,88.9,14,118,2,2,4,2,2,2,12,2,14,4,22,8,149,4,23,Falcons,Sunday,2018-12-23,2018-12-23 13:00:00
2018-12-22 20:20:00,2018,16,BAL,LAC,AWAY,22,10,StubHub Center,Grass,31:25,21,82,495,4,48,218,0,30,16,277,2,0,74.7,2,2,6,4,6,206,2,6,4,28:35,19,78,271,22,70,85.2,11,95,2,2,8,9,6,4,23,6,75,4,45,4,62,8,47,Ravens,Saturday,2018-12-22,2018-12-22 20:20:00
2018-12-23 13:00:00,2018,16,BUF,NE,AWAY,12,24,Gillette Stadium,Artificial,24:22,19,81,396,2,25,99,0,56,27,297,2,4,66.9,2,2,0,0,11,315,6,6,0,35:38,27,100,534,64,374,71.2,9,67,2,2,2,6,4,4,16,8,99,4,51,6,56,2,12,Bills,Sunday,2018-12-23,2018-12-23 13:00:00
2018-12-23 16:05:00,2018,16,CHI,SF,AWAY,14,9,Levi's Stadium,Grass,35:30,27,82,445,4,38,123,2,40,34,322,2,0,118.1,4,4,6,15,6,163,4,2,-1,24:30,21,74,382,21,64,79.3,11,62,0,0,2,2,0,0,0,4,71,0,0,6,64,2,12,Bears,Sunday,2018-12-23,2018-12-23 16:05:00
2018-12-23 13:00:00,2018,16,CIN,CLE,AWAY,18,26,FirstEnergy Stadium,Artificial,24:29,21,63,286,4,33,140,0,26,18,147,4,0,93.7,0,0,6,36,9,300,0,0,0,35:31,32,90,675,38,200,101,11,78,0,0,0,2,2,2,4,6,105,4,16,6,58,0,0,Bengals,Sunday,2018-12-23,2018-12-23 13:00:00
2018-12-24 20:15:00,2018,16,DEN,OAK,AWAY,14,27,Oakland Coliseum,Grass,29:52,26,85,411,4,33,137,0,51,32,274,4,4,85.2,0,0,2,4,11,419,4,0,-3,30:8,22,78,374,41,156,100.1,11,68,0,0,2,2,0,0,0,9,159,4,145,4,63,2,11,Broncos,Monday,2018-12-24,2018-12-24 20:15:00
2018-12-23 13:00:00,2018,16,GB,NYJ,AWAY,44,38,MetLife Stadium,Artificial,34:19,48,108,740,9,27,174,6,75,51,566,4,0,92.2,2,2,8,40,6,155,2,0,-1,29:18,32,78,507,27,64,94,22,236,0,0,4,6,6,2,0,6,104,4,16,11,323,4,25,Packers,Sunday,2018-12-23,2018-12-23 13:00:00
2018-12-23 13:00:00,2018,16,HOU,PHI,AWAY,30,32,Lincoln Financial Field,Grass,26:15,34,86,508,8,26,85,4,55,40,423,4,0,99.3,2,2,8,41,8,221,2,6,4,33:45,34,100,711,30,78,95.9,15,144,4,4,2,2,2,2,11,9,167,2,15,8,132,2,12,Texans,Sunday,2018-12-23,2018-12-23 13:00:00
2018-12-23 13:00:00,2018,16,JAX,MIA,AWAY,17,7,Hard Rock Stadium,Grass,34:45,26,85,334,4,44,173,2,33,23,162,0,0,97,2,2,11,37,9,258,2,4,2,25:15,15,59,251,25,85,93.4,14,130,2,2,6,4,2,8,63,0,0,4,16,6,77,6,34,Jaguars,Sunday,2018-12-23,2018-12-23 13:00:00
2018-12-23 20:20:00,2018,16,KC,SEA,AWAY,31,38,CenturyLink Field,Artificial,24:58,30,82,574,6,26,211,0,55,32,363,6,0,78.8,4,4,2,11,6,197,4,0,-3,35:2,42,103,636,59,288,85.1,6,27,0,0,6,6,6,0,0,8,156,4,18,2,44,6,23,Chiefs,Sunday,2018-12-23,2018-12-23 20:20:00
2018-12-23 16:05:00,2018,16,LAR,ARI,AWAY,31,9,U of Phoenix Stadium,Artificial,37:4,45,92,632,8,56,369,6,33,26,263,2,0,108.5,2,2,4,33,4,141,2,0,-1,22:56,21,73,360,25,142,79.6,13,74,0,0,8,4,2,4,36,0,0,2,2,0,0,8,32,Rams,Sunday,2018-12-23,2018-12-23 16:05:00
2018-12-23 13:00:00,2018,16,MIN,DET,AWAY,27,9,Ford Field,Artificial,28:32,22,79,466,6,38,137,0,38,29,329,6,0,102.8,0,0,4,18,11,395,0,0,0,31:28,23,95,306,32,118,73.3,13,75,0,0,6,4,4,2,11,4,71,9,25,4,67,6,33,Vikings,Sunday,2018-12-23,2018-12-23 13:00:00
2018-12-23 13:00:00,2018,16,NYG,IND,AWAY,27,28,Lucas Oil Stadium,Artificial,31:41,30,85,537,6,40,114,4,45,34,423,2,2,103.8,0,0,0,0,6,199,2,2,0,28:19,37,88,551,22,67,90.4,11,40,0,0,2,4,4,2,0,2,22,4,6,2,33,2,8,Giants,Sunday,2018-12-23,2018-12-23 13:00:00
2018-12-23 16:25:00,2018,16,PIT,NO,AWAY,28,31,Mercedes-Benz Superdome,Grass,31:20,36,97,588,6,25,89,0,68,45,499,6,0,90.4,4,4,6,22,4,134,4,2,-1,28:40,33,84,507,26,78,92.5,12,125,0,0,4,4,4,0,0,4,27,0,0,0,0,4,18,Steelers,Sunday,2018-12-23,2018-12-23 16:25:00
2018-12-23 13:00:00,2018,16,TB,DAL,AWAY,20,27,AT&T Stadium,Artificial,35:19,37,103,525,4,33,86,2,66,47,438,2,0,97,4,4,6,22,4,140,4,0,-3,24:41,22,68,318,33,110,109.6,14,92,0,0,2,6,4,0,0,4,95,2,18,2,27,2,12,Buccaneers,Sunday,2018-12-23,2018-12-23 13:00:00
2018-12-22 16:30:00,2018,16,WAS,TEN,AWAY,16,25,Nissan Stadium,Grass,33:3,23,81,400,2,47,221,0,32,18,179,2,4,77.4,0,0,4,30,4,147,4,0,-3,26:57,27,75,399,37,136,93.2,4,14,0,0,6,6,6,0,0,2,38,2,22,2,42,6,26,Redskins,Saturday,2018-12-22,2018-12-22 16:30:00
2018-12-30 16:25:00,2018,17,ARI,SEA,AWAY,24,27,CenturyLink Field,Artificial,30:51,18,95,295,4,36,127,0,51,27,168,2,0,78.8,4,4,13,54,11,368,4,2,-1,29:9,24,91,434,51,271,85.1,2,15,0,0,13,7,7,11,98,2,27,0,0,7,94,13,64,Cardinals,Sunday,2018-12-30,2018-12-30 16:25:00
2018-12-30 13:00:00,2018,17,ATL,TB,AWAY,34,32,Raymond James Stadium,Grass,34:46,40,113,729,9,45,162,2,67,48,566,7,2,105.9,0,0,2,7,11,365,2,2,0,25:14,33,83,645,30,137,93.7,7,45,0,0,2,4,4,4,42,9,119,4,13,7,136,2,9,Falcons,Sunday,2018-12-30,2018-12-30 13:00:00
2018-12-30 13:00:00,2018,17,CAR,NO,AWAY,33,14,Mercedes-Benz Superdome,Artificial,33:26,37,101,557,9,55,165,4,45,27,392,4,0,89.4,0,0,2,11,7,244,0,2,2,26:34,25,76,438,40,274,94.8,13,140,0,0,4,4,4,0,0,0,0,4,27,0,0,4,12,Panthers,Sunday,2018-12-30,2018-12-30 13:00:00
2018-12-30 16:25:00,2018,17,CHI,MIN,AWAY,24,10,U.S. Bank Stadium,Artificial,37:8,25,94,495,7,55,252,7,39,27,243,0,0,103.1,0,0,0,0,9,261,0,0,0,22:52,18,77,244,22,94,90.3,7,45,0,0,9,2,2,4,-3,0,0,2,9,0,0,9,46,Bears,Sunday,2018-12-30,2018-12-30 16:25:00
2018-12-30 16:25:00,2018,17,CIN,PIT,AWAY,13,16,Heinz Field,Grass,25:38,13,69,292,2,27,186,0,36,18,106,0,0,74.5,0,0,9,36,13,414,0,2,2,34:22,27,98,511,30,97,102.7,13,104,0,0,2,4,4,2,2,9,130,7,30,7,101,2,13,Bengals,Sunday,2018-12-30,2018-12-30 16:25:00
2018-12-30 16:25:00,2018,17,CLE,BAL,AWAY,24,26,M&T Bank Stadium,Grass,21:30,27,83,635,7,21,74,0,63,34,560,7,7,81.7,0,0,0,0,9,268,7,2,-3,38:30,36,109,690,70,441,86.9,15,97,2,2,4,4,2,7,69,9,161,0,0,4,55,4,18,Browns,Sunday,2018-12-30,2018-12-30 16:25:00
2018-12-30 13:00:00,2018,17,DAL,NYG,AWAY,36,35,MetLife Stadium,Artificial,30:52,34,104,624,11,33,76,2,66,40,548,9,0,91.5,2,2,9,28,7,173,2,4,2,29:8,30,100,657,37,213,87.2,16,116,2,2,2,2,0,0,0,7,104,2,28,11,212,2,7,Cowboys,Sunday,2018-12-30,2018-12-30 13:00:00
2018-12-30 13:00:00,2018,17,DET,GB,AWAY,31,0,Lambeau Field,Grass,36:54,37,107,599,9,57,194,2,49,31,405,7,0,94.8,0,0,2,4,9,240,0,2,2,23:6,13,83,261,19,69,70.8,11,57,0,0,7,2,2,2,37,0,0,2,0,11,165,7,43,Lions,Sunday,2018-12-30,2018-12-30 13:00:00
2018-12-30 20:20:00,2018,17,IND,TEN,AWAY,33,17,Nissan Stadium,Grass,40:13,36,107,650,9,54,235,2,52,36,414,7,2,102.2,2,2,2,10,9,285,4,7,2,19:47,16,67,384,24,139,92.5,13,112,2,2,0,4,4,2,0,4,82,4,15,11,191,0,0,Colts,Sunday,2018-12-30,2018-12-30 20:20:00
2018-12-30 13:00:00,2018,17,JAX,HOU,AWAY,3,20,NRG Stadium,Artificial,24:53,13,70,177,0,24,45,0,42,22,133,0,2,79.9,2,2,7,27,13,669,4,2,-1,35:7,34,110,510,49,200,106.4,4,22,2,2,13,2,2,7,25,2,60,13,83,0,0,13,39,Jaguars,Sunday,2018-12-30,2018-12-30 13:00:00
2018-12-30 16:25:00,2018,17,LAC,DEN,AWAY,23,9,Broncos Stadium at Mile High,Grass,28:12,25,82,411,7,45,173,2,36,21,238,2,4,86.9,4,4,2,24,11,349,9,9,0,31:48,28,110,551,37,122,96.3,16,148,7,7,2,0,0,2,0,0,0,4,7,7,89,2,9,Chargers,Sunday,2018-12-30,2018-12-30 16:25:00
2018-12-30 13:00:00,2018,17,MIA,BUF,AWAY,17,42,New Era Field,Artificial,29:42,25,91,335,4,37,148,0,48,28,188,2,4,88.5,4,4,9,36,11,261,9,2,-4,30:18,34,89,568,49,247,97.4,7,36,0,0,2,2,2,4,13,13,176,4,13,4,66,2,13,Dolphins,Sunday,2018-12-30,2018-12-30 13:00:00
2018-12-30 13:00:00,2018,17,NYJ,NE,AWAY,3,38,Gillette Stadium,Artificial,27:47,18,82,356,0,34,155,0,42,24,201,0,0,85.1,7,7,9,48,11,353,7,0,-4,32:13,36,95,559,45,195,108.3,9,45,0,0,2,2,2,2,0,9,104,9,42,0,0,2,13,Jets,Sunday,2018-12-30,2018-12-30 13:00:00
2018-12-30 16:25:00,2018,17,OAK,KC,AWAY,3,35,Arrowhead Stadium,Grass,33:56,30,97,435,0,43,189,0,49,36,246,0,4,108.3,4,4,7,30,9,271,9,2,-4,26:4,27,80,609,40,148,88.4,9,74,0,0,0,2,2,0,0,7,136,2,7,2,39,0,0,Raiders,Sunday,2018-12-30,2018-12-30 16:25:00
2018-12-30 16:25:00,2018,17,PHI,WAS,AWAY,24,0,FedEx Field,Grass,43:19,37,106,536,7,51,192,0,51,43,344,7,2,127.1,0,0,7,18,7,183,2,2,0,16:41,12,66,133,18,31,69.1,4,22,0,0,9,2,2,2,4,0,0,4,30,7,82,9,45,Eagles,Sunday,2018-12-30,2018-12-30 16:25:00
2018-12-30 16:25:00,2018,17,SF,LAR,AWAY,32,48,Los Angeles Memorial Coliseum,Grass,28:10,33,86,583,9,33,189,2,49,34,393,7,7,103.9,2,2,7,27,4,148,9,0,-6,31:50,42,106,562,63,231,87.3,13,85,0,0,0,2,2,0,0,2,37,4,16,0,0,0,0,49ers,Sunday,2018-12-30,2018-12-30 16:25:00
